Year;Date;Time;Round;Stadium;City;Country;HomeTeam;HomeGoals;AwayGoals;AwayTeam;Observation
1930;1930-07-13 00:00:00.000;" 15:00 ";Group 1;Pocitos;"Montevideo ";Uruguay;France;4;1;Mexico;" "
1930;1930-07-13 00:00:00.000;" 15:00 ";Group 4;Parque Central;"Montevideo ";Uruguay;USA;3;0;Belgium;" "
1930;1930-07-14 00:00:00.000;" 12:45 ";Group 2;Parque Central;"Montevideo ";Uruguay;Yugoslavia;2;1;Brazil;" "
1930;1930-07-14 00:00:00.000;" 14:50 ";Group 3;Pocitos;"Montevideo ";Uruguay;Romania;3;1;Peru;" "
1930;1930-07-15 00:00:00.000;" 16:00 ";Group 1;Parque Central;"Montevideo ";Uruguay;Argentina;1;0;France;" "
1930;1930-07-16 00:00:00.000;" 14:45 ";Group 1;Parque Central;"Montevideo ";Uruguay;Chile;3;0;Mexico;" "
1930;1930-07-17 00:00:00.000;" 12:45 ";Group 2;Parque Central;"Montevideo ";Uruguay;Yugoslavia;4;0;Bolivia;" "
1930;1930-07-17 00:00:00.000;" 14:45 ";Group 4;Parque Central;"Montevideo ";Uruguay;USA;3;0;Paraguay;" "
1930;1930-07-18 00:00:00.000;" 14:30 ";Group 3;Estadio Centenario;"Montevideo ";Uruguay;Uruguay;1;0;Peru;" "
1930;1930-07-19 00:00:00.000;" 12:50 ";Group 1;Estadio Centenario;"Montevideo ";Uruguay;Chile;1;0;France;" "
1930;1930-07-19 00:00:00.000;" 15:00 ";Group 1;Estadio Centenario;"Montevideo ";Uruguay;Argentina;6;3;Mexico;" "
1930;1930-07-20 00:00:00.000;" 13:00 ";Group 2;Estadio Centenario;"Montevideo ";Uruguay;Brazil;4;0;Bolivia;" "
1930;1930-07-20 00:00:00.000;" 15:00 ";Group 4;Estadio Centenario;"Montevideo ";Uruguay;Paraguay;1;0;Belgium;" "
1930;1930-07-21 00:00:00.000;" 14:50 ";Group 3;Estadio Centenario;"Montevideo ";Uruguay;Uruguay;4;0;Romania;" "
1930;1930-07-22 00:00:00.000;" 14:45 ";Group 1;Estadio Centenario;"Montevideo ";Uruguay;Argentina;3;1;Chile;" "
1930;1930-07-26 00:00:00.000;" 14:45 ";Semi-finals;Estadio Centenario;"Montevideo ";Uruguay;Argentina;6;1;USA;" "
1930;1930-07-27 00:00:00.000;" 14:45 ";Semi-finals;Estadio Centenario;"Montevideo ";Uruguay;Uruguay;6;1;Yugoslavia;" "
1930;1930-07-30 00:00:00.000;" 14:15 ";Final;Estadio Centenario;"Montevideo ";Uruguay;Uruguay;4;2;Argentina;" "
1934;1934-05-27 00:00:00.000;" 16:30 ";Preliminary round;Stadio Benito Mussolini;"Turin ";Italy;Austria;3;2;France;"Austria win after extra time "
1934;1934-05-27 00:00:00.000;" 16:30 ";Preliminary round;Giorgio Ascarelli;"Naples ";Italy;Hungary;4;2;Egypt;" "
1934;1934-05-27 00:00:00.000;" 16:30 ";Preliminary round;San Siro;"Milan ";Italy;Switzerland;3;2;Netherlands;" "
1934;1934-05-27 00:00:00.000;" 16:30 ";Preliminary round;Littorale;"Bologna ";Italy;Sweden;3;2;Argentina;" "
1934;1934-05-27 00:00:00.000;" 16:30 ";Preliminary round;Giovanni Berta;"Florence ";Italy;Germany;5;2;Belgium;" "
1934;1934-05-27 00:00:00.000;" 16:30 ";Preliminary round;Luigi Ferraris;"Genoa ";Italy;Spain;3;1;Brazil;" "
1934;1934-05-27 00:00:00.000;" 16:30 ";Preliminary round;Nazionale PNF;"Rome ";Italy;Italy;7;1;USA;" "
1934;1934-05-27 00:00:00.000;" 16:30 ";Preliminary round;Littorio;"Trieste ";Italy;Czechoslovakia;2;1;Romania;" "
1934;1934-05-31 00:00:00.000;" 16:30 ";Quarter-finals;Stadio Benito Mussolini;"Turin ";Italy;Czechoslovakia;3;2;Switzerland;" "
1934;1934-05-31 00:00:00.000;" 16:30 ";Quarter-finals;San Siro;"Milan ";Italy;Germany;2;1;Sweden;" "
1934;1934-05-31 00:00:00.000;" 16:30 ";Quarter-finals;Giovanni Berta;"Florence ";Italy;Italy;1;1;Spain;" "
1934;1934-05-31 00:00:00.000;" 16:30 ";Quarter-finals;Littorale;"Bologna ";Italy;Austria;2;1;Hungary;" "
1934;1934-06-01 00:00:00.000;" 16:30 ";Quarter-finals;Giovanni Berta;"Florence ";Italy;Italy;1;0;Spain;" "
1934;1934-06-03 00:00:00.000;" 16:30 ";Semi-finals;San Siro;"Milan ";Italy;Italy;1;0;Austria;" "
1934;1934-06-03 00:00:00.000;" 16:30 ";Semi-finals;Nazionale PNF;"Rome ";Italy;Czechoslovakia;3;1;Germany;" "
1934;1934-06-07 00:00:00.000;" 18:00 ";Match for third place;Giorgio Ascarelli;"Naples ";Italy;Germany;3;2;Austria;" "
1934;1934-06-10 00:00:00.000;" 17:30 ";Final;Nazionale PNF;"Rome ";Italy;Italy;2;1;Czechoslovakia;"Italy win after extra time "
1938;1938-06-04 00:00:00.000;" 17:00 ";First round;Parc des Princes;"Paris ";France;Switzerland;1;1;Germany;" "
1938;1938-06-05 00:00:00.000;" 17:00 ";First round;Velodrome Municipale;"Reims ";France;Hungary;6;0;Dutch East Indies;" "
1938;1938-06-05 00:00:00.000;" 17:00 ";First round;Stade Olympique;"Colombes ";France;France;3;1;Belgium;" "
1938;1938-06-05 00:00:00.000;" 17:00 ";First round;Stade Municipal;"Toulouse ";France;Cuba;3;3;Romania;" "
1938;1938-06-05 00:00:00.000;" 17:00 ";First round;Stade Vï¿½lodrome;"Marseilles ";France;Italy;2;1;Norway;"Italy win after extra time "
1938;1938-06-05 00:00:00.000;" 17:30 ";First round;Stade de la Meinau;"Strasbourg ";France;Brazil;6;5;Poland;"Brazil win after extra time "
1938;1938-06-05 00:00:00.000;" 18:30 ";First round;Cavee Verte;"Le Havre ";France;Czechoslovakia;3;0;Netherlands;"Czechoslovakia win after extra time "
1938;1938-06-09 00:00:00.000;" 18:00 ";First round;Stade Municipal;"Toulouse ";France;Cuba;2;1;Romania;" "
1938;1938-06-09 00:00:00.000;" 18:00 ";First round;Parc des Princes;"Paris ";France;Switzerland;4;2;Germany;" "
1938;1938-06-12 00:00:00.000;" 17:00 ";Quarter-finals;Stade du Parc Lescure;"Bordeaux ";France;Brazil;1;1;Czechoslovakia;" "
1938;1938-06-12 00:00:00.000;" 17:00 ";Quarter-finals;Victor Boucquey;"Lille ";France;Hungary;2;0;Switzerland;" "
1938;1938-06-12 00:00:00.000;" 17:00 ";Quarter-finals;Fort Carree;"Antibes ";France;Sweden;8;0;Cuba;" "
1938;1938-06-12 00:00:00.000;" 17:00 ";Quarter-finals;Stade Olympique;"Colombes ";France;Italy;3;1;France;" "
1938;1938-06-14 00:00:00.000;" 18:00 ";Quarter-finals;Stade du Parc Lescure;"Bordeaux ";France;Brazil;2;1;Czechoslovakia;" "
1938;1938-06-16 00:00:00.000;" 18:00 ";Semi-finals;Parc des Princes;"Paris ";France;Hungary;5;1;Sweden;" "
1938;1938-06-16 00:00:00.000;" 18:00 ";Semi-finals;Stade Vï¿½lodrome;"Marseilles ";France;Italy;2;1;Brazil;" "
1938;1938-06-19 00:00:00.000;" 17:00 ";Match for third place;Stade du Parc Lescure;"Bordeaux ";France;Brazil;4;2;Sweden;" "
1938;1938-06-19 00:00:00.000;" 17:00 ";Final;Stade Olympique;"Colombes ";France;Italy;4;2;Hungary;" "
1950;1950-06-24 00:00:00.000;" 15:00 ";Group 1;Maracanï¿½ - Estï¿½dio Jornalista Mï¿½rio Filho;"Rio De Janeiro ";Brazil;Brazil;4;0;Mexico;" "
1950;1950-06-25 00:00:00.000;" 15:00 ";Group 2;Maracanï¿½ - Estï¿½dio Jornalista Mï¿½rio Filho;"Rio De Janeiro ";Brazil;England;2;0;Chile;" "
1950;1950-06-25 00:00:00.000;" 15:00 ";Group 2;Durival de Brito;"Curitiba ";Brazil;Spain;3;1;USA;" "
1950;1950-06-25 00:00:00.000;" 15:00 ";Group 3;Pacaembu;"Sao Paulo ";Brazil;Sweden;3;2;Italy;" "
1950;1950-06-25 00:00:00.000;" 15:00 ";Group 1;Independencia;"Belo Horizonte ";Brazil;Yugoslavia;3;0;Switzerland;" "
1950;1950-06-28 00:00:00.000;" 15:00 ";Group 1;Pacaembu;"Sao Paulo ";Brazil;Brazil;2;2;Switzerland;" "
1950;1950-06-28 00:00:00.000;" 15:00 ";Group 1;Eucaliptos;"Porto Alegre ";Brazil;Yugoslavia;4;1;Mexico;" "
1950;1950-06-29 00:00:00.000;" 15:00 ";Group 2;Maracanï¿½ - Estï¿½dio Jornalista Mï¿½rio Filho;"Rio De Janeiro ";Brazil;Spain;2;0;Chile;" "
1950;1950-06-29 00:00:00.000;" 15:30 ";Group 3;Durival de Brito;"Curitiba ";Brazil;Sweden;2;2;Paraguay;" "
1950;1950-06-29 00:00:00.000;" 15:00 ";Group 2;Independencia;"Belo Horizonte ";Brazil;USA;1;0;England;" "
1950;1950-07-01 00:00:00.000;" 15:00 ";Group 1;Maracanï¿½ - Estï¿½dio Jornalista Mï¿½rio Filho;"Rio De Janeiro ";Brazil;Brazil;2;0;Yugoslavia;" "
1950;1950-07-02 00:00:00.000;" 15:00 ";Group 2;Maracanï¿½ - Estï¿½dio Jornalista Mï¿½rio Filho;"Rio De Janeiro ";Brazil;Spain;1;0;England;" "
1950;1950-07-02 00:00:00.000;" 15:00 ";Group 3;Pacaembu;"Sao Paulo ";Brazil;Italy;2;0;Paraguay;" "
1950;1950-07-02 00:00:00.000;" 15:00 ";Group 4;Independencia;"Belo Horizonte ";Brazil;Uruguay;8;0;Bolivia;" "
1950;1950-07-02 00:00:00.000;" 15:40 ";Group 1;Eucaliptos;"Porto Alegre ";Brazil;Switzerland;2;1;Mexico;" "
1950;1950-07-02 00:00:00.000;" 15:00 ";Group 2;Ilha do Retiro;"Recife ";Brazil;Chile;5;2;USA;" "
1950;1950-07-09 00:00:00.000;" 15:00 ";Group 6;Pacaembu;"Sao Paulo ";Brazil;Uruguay;2;2;Spain;" "
1950;1950-07-09 00:00:00.000;" 15:00 ";Group 6;Maracanï¿½ - Estï¿½dio Jornalista Mï¿½rio Filho;"Rio De Janeiro ";Brazil;Brazil;7;1;Sweden;" "
1950;1950-07-13 00:00:00.000;" 15:00 ";Group 6;Maracanï¿½ - Estï¿½dio Jornalista Mï¿½rio Filho;"Rio De Janeiro ";Brazil;Brazil;6;1;Spain;" "
1950;1950-07-13 00:00:00.000;" 15:00 ";Group 6;Pacaembu;"Sao Paulo ";Brazil;Uruguay;3;2;Sweden;" "
1950;1950-07-16 00:00:00.000;" 15:00 ";Group 6;Pacaembu;"Sao Paulo ";Brazil;Sweden;3;1;Spain;" "
1950;1950-07-16 00:00:00.000;" 15:00 ";Group 6;Maracanï¿½ - Estï¿½dio Jornalista Mï¿½rio Filho;"Rio De Janeiro ";Brazil;Uruguay;2;1;Brazil;" "
1954;1954-06-16 00:00:00.000;" 18:00 ";Group 3;Wankdorf Stadium;"Berne ";Switzerland;Uruguay;2;0;Czechoslovakia;" "
1954;1954-06-16 00:00:00.000;" 18:00 ";Group 3;Hardturm;"Zurich ";Switzerland;Austria;1;0;Scotland;" "
1954;1954-06-16 00:00:00.000;" 18:00 ";Group 1;Charmilles;"Geneva ";Switzerland;Brazil;5;0;Mexico;" "
1954;1954-06-16 00:00:00.000;" 18:00 ";Group 1;La Pontaise;"Lausanne ";Switzerland;Yugoslavia;1;0;France;" "
1954;1954-06-17 00:00:00.000;" 18:00 ";Group 2;Wankdorf Stadium;"Berne ";Switzerland;Germany FR;4;1;Turkey;" "
1954;1954-06-17 00:00:00.000;" 18:00 ";Group 2;Hardturm;"Zurich ";Switzerland;Hungary;9;0;Korea Republic;" "
1954;1954-06-17 00:00:00.000;" 18:10 ";Group 4;St. Jakob;"Basel ";Switzerland;England;4;4;Belgium;" "
1954;1954-06-17 00:00:00.000;" 17:50 ";Group 4;La Pontaise;"Lausanne ";Switzerland;Switzerland;2;1;Italy;" "
1954;1954-06-19 00:00:00.000;" 16:50 ";Group 3;St. Jakob;"Basel ";Switzerland;Uruguay;7;0;Scotland;" "
1954;1954-06-19 00:00:00.000;" 17:00 ";Group 3;Hardturm;"Zurich ";Switzerland;Austria;5;0;Czechoslovakia;" "
1954;1954-06-19 00:00:00.000;" 17:10 ";Group 1;Charmilles;"Geneva ";Switzerland;France;3;2;Mexico;" "
1954;1954-06-19 00:00:00.000;" 17:00 ";Group 1;La Pontaise;"Lausanne ";Switzerland;Brazil;1;1;Yugoslavia;" "
1954;1954-06-20 00:00:00.000;" 16:50 ";Group 2;St. Jakob;"Basel ";Switzerland;Hungary;8;3;Germany FR;" "
1954;1954-06-20 00:00:00.000;" 17:00 ";Group 2;Charmilles;"Geneva ";Switzerland;Turkey;7;0;Korea Republic;" "
1954;1954-06-20 00:00:00.000;" 17:10 ";Group 4;Wankdorf Stadium;"Berne ";Switzerland;England;2;0;Switzerland;" "
1954;1954-06-20 00:00:00.000;" 17:00 ";Group 4;Comunale di Cornaredo;"Lugano ";Switzerland;Italy;4;1;Belgium;" "
1954;1954-06-23 00:00:00.000;" 18:00 ";Group 2;Hardturm;"Zurich ";Switzerland;Germany FR;7;2;Turkey;" "
1954;1954-06-23 00:00:00.000;" 18:00 ";Group 4;St. Jakob;"Basel ";Switzerland;Switzerland;4;1;Italy;" "
1954;1954-06-26 00:00:00.000;" 17:00 ";Quarter-finals;St. Jakob;"Basel ";Switzerland;Uruguay;4;2;England;" "
1954;1954-06-26 00:00:00.000;" 17:00 ";Quarter-finals;La Pontaise;"Lausanne ";Switzerland;Austria;7;5;Switzerland;" "
1954;1954-06-27 00:00:00.000;" 17:00 ";Quarter-finals;Charmilles;"Geneva ";Switzerland;Germany FR;2;0;Yugoslavia;" "
1954;1954-06-27 00:00:00.000;" 17:00 ";Quarter-finals;Wankdorf Stadium;"Berne ";Switzerland;Hungary;4;2;Brazil;" "
1954;1954-06-30 00:00:00.000;" 18:00 ";Semi-finals;St. Jakob;"Basel ";Switzerland;Germany FR;6;1;Austria;" "
1954;1954-06-30 00:00:00.000;" 18:00 ";Semi-finals;La Pontaise;"Lausanne ";Switzerland;Hungary;4;2;Uruguay;"Hungary win after extra time "
1954;1954-07-03 00:00:00.000;" 17:00 ";Match for third place;Hardturm;"Zurich ";Switzerland;Austria;3;1;Uruguay;" "
1954;1954-07-04 00:00:00.000;" 17:00 ";Final;Wankdorf Stadium;"Berne ";Switzerland;Germany FR;3;2;Hungary;" "
1958;1958-06-08 00:00:00.000;" 14:00 ";Group 3;Rasunda Stadium;"Solna ";Sweden;Sweden;3;0;Mexico;" "
1958;1958-06-08 00:00:00.000;" 19:00 ";Group 4;Nya Ullevi;"Gothenburg ";Sweden;Soviet Union;2;2;England;" "
1958;1958-06-08 00:00:00.000;" 19:00 ";Group 1;Malmo Stadion;"Malmï¿½ ";Sweden;Argentina;1;3;Germany FR;" "
1958;1958-06-08 00:00:00.000;" 19:00 ";Group 3;Jarnvallen;"Sandviken ";Sweden;Hungary;1;1;Wales;" "
1958;1958-06-08 00:00:00.000;" 19:00 ";Group 2;Idrottsparken;"Norrkï¿½Ping ";Sweden;France;7;3;Paraguay;" "
1958;1958-06-08 00:00:00.000;" 19:00 ";Group 2;Arosvallen;"Vasteras ";Sweden;Yugoslavia;1;1;Scotland;" "
1958;1958-06-08 00:00:00.000;" 19:00 ";Group 4;Rimnersvallen;"Udevalla ";Sweden;Brazil;3;0;Austria;" "
1958;1958-06-08 00:00:00.000;" 19:00 ";Group 1;Orjans Vall;"Halmstad ";Sweden;Northern Ireland;1;0;Czechoslovakia;" "
1958;1958-06-11 00:00:00.000;" 19:00 ";Group 4;Nya Ullevi;"Gothenburg ";Sweden;Brazil;0;0;England;" "
1958;1958-06-11 00:00:00.000;" 19:00 ";Group 3;Rasunda Stadium;"Solna ";Sweden;Mexico;1;1;Wales;" "
1958;1958-06-11 00:00:00.000;" 19:00 ";Group 2;Idrottsparken;"Norrkï¿½Ping ";Sweden;Paraguay;3;2;Scotland;" "
1958;1958-06-11 00:00:00.000;" 19:00 ";Group 2;Arosvallen;"Vasteras ";Sweden;Yugoslavia;3;2;France;" "
1958;1958-06-11 00:00:00.000;" 19:00 ";Group 4;Ryavallen;"Boras ";Sweden;Soviet Union;2;0;Austria;" "
1958;1958-06-11 00:00:00.000;" 19:00 ";Group 1;Olympia Stadium;"Helsingborg ";Sweden;Germany FR;2;2;Czechoslovakia;" "
1958;1958-06-11 00:00:00.000;" 19:00 ";Group 1;Orjans Vall;"Halmstad ";Sweden;Argentina;3;1;Northern Ireland;" "
1958;1958-06-12 00:00:00.000;" 19:00 ";Group 3;Rasunda Stadium;"Solna ";Sweden;Sweden;2;1;Hungary;" "
1958;1958-06-15 00:00:00.000;" 14:00 ";Group 3;Rasunda Stadium;"Solna ";Sweden;Sweden;0;0;Wales;" "
1958;1958-06-15 00:00:00.000;" 19:00 ";Group 4;Nya Ullevi;"Gothenburg ";Sweden;Brazil;2;0;Soviet Union;" "
1958;1958-06-15 00:00:00.000;" 19:00 ";Group 1;Malmo Stadion;"Malmï¿½ ";Sweden;Germany FR;2;2;Northern Ireland;" "
1958;1958-06-15 00:00:00.000;" 19:00 ";Group 3;Jarnvallen;"Sandviken ";Sweden;Hungary;4;0;Mexico;" "
1958;1958-06-15 00:00:00.000;" 19:00 ";Group 2;Tunavallen;"Eskilstuna ";Sweden;Paraguay;3;3;Yugoslavia;" "
1958;1958-06-15 00:00:00.000;" 19:00 ";Group 2;Eyravallen;"Orebro ";Sweden;France;2;1;Scotland;" "
1958;1958-06-15 00:00:00.000;" 19:00 ";Group 4;Ryavallen;"Boras ";Sweden;England;2;2;Austria;" "
1958;1958-06-15 00:00:00.000;" 19:00 ";Group 1;Olympia Stadium;"Helsingborg ";Sweden;Czechoslovakia;6;1;Argentina;" "
1958;1958-06-17 00:00:00.000;" 19:00 ";Group 4;Nya Ullevi;"Gothenburg ";Sweden;Soviet Union;1;0;England;" "
1958;1958-06-17 00:00:00.000;" 19:00 ";Group 1;Malmo Stadion;"Malmï¿½ ";Sweden;Northern Ireland;2;1;Czechoslovakia;"Northern Ireland win after extra time "
1958;1958-06-17 00:00:00.000;" 19:00 ";Group 3;Rasunda Stadium;"Solna ";Sweden;Wales;2;1;Hungary;" "
1958;1958-06-19 00:00:00.000;" 19:00 ";Quarter-finals;Nya Ullevi;"Gothenburg ";Sweden;Brazil;1;0;Wales;" "
1958;1958-06-19 00:00:00.000;" 19:00 ";Quarter-finals;Malmo Stadion;"Malmï¿½ ";Sweden;Germany FR;1;0;Yugoslavia;" "
1958;1958-06-19 00:00:00.000;" 19:00 ";Quarter-finals;Rasunda Stadium;"Solna ";Sweden;Sweden;2;0;Soviet Union;" "
1958;1958-06-19 00:00:00.000;" 19:00 ";Quarter-finals;Idrottsparken;"Norrkï¿½Ping ";Sweden;France;4;0;Northern Ireland;" "
1958;1958-06-24 00:00:00.000;" 19:00 ";Semi-finals;Nya Ullevi;"Gothenburg ";Sweden;Sweden;3;1;Germany FR;" "
1958;1958-06-24 00:00:00.000;" 19:00 ";Semi-finals;Rasunda Stadium;"Solna ";Sweden;Brazil;5;2;France;" "
1958;1958-06-28 00:00:00.000;" 17:00 ";Match for third place;Nya Ullevi;"Gothenburg ";Sweden;France;6;3;Germany FR;" "
1958;1958-06-29 00:00:00.000;" 15:00 ";Final;Rasunda Stadium;"Solna ";Sweden;Brazil;5;2;Sweden;" "
1962;1962-05-30 00:00:00.000;" 15:00 ";Group 1;Carlos Dittborn;"Arica ";Chile;Uruguay;2;1;Colombia;" "
1962;1962-05-30 00:00:00.000;" 15:00 ";Group 3;Estadio Sausalito;"Vina Del Mar ";Chile;Brazil;2;0;Mexico;" "
1962;1962-05-30 00:00:00.000;" 15:00 ";Group 4;Estadio El Teniente-Codelco;"Rancagua ";Chile;Argentina;1;0;Bulgaria;" "
1962;1962-05-30 00:00:00.000;" 15:00 ";Group 2;Nacional;"Santiago De Chile ";Chile;Chile;3;1;Switzerland;" "
1962;1962-05-31 00:00:00.000;" 15:00 ";Group 1;Carlos Dittborn;"Arica ";Chile;Soviet Union;2;0;Yugoslavia;" "
1962;1962-05-31 00:00:00.000;" 15:00 ";Group 3;Estadio Sausalito;"Vina Del Mar ";Chile;Czechoslovakia;1;0;Spain;" "
1962;1962-05-31 00:00:00.000;" 15:00 ";Group 4;Estadio El Teniente-Codelco;"Rancagua ";Chile;Hungary;2;1;England;" "
1962;1962-05-31 00:00:00.000;" 15:00 ";Group 2;Nacional;"Santiago De Chile ";Chile;Germany FR;0;0;Italy;" "
1962;1962-06-02 00:00:00.000;" 15:00 ";Group 1;Carlos Dittborn;"Arica ";Chile;Yugoslavia;3;1;Uruguay;" "
1962;1962-06-02 00:00:00.000;" 15:00 ";Group 3;Estadio Sausalito;"Vina Del Mar ";Chile;Brazil;0;0;Czechoslovakia;" "
1962;1962-06-02 00:00:00.000;" 15:00 ";Group 4;Estadio El Teniente-Codelco;"Rancagua ";Chile;England;3;1;Argentina;" "
1962;1962-06-02 00:00:00.000;" 15:00 ";Group 2;Nacional;"Santiago De Chile ";Chile;Chile;2;0;Italy;" "
1962;1962-06-03 00:00:00.000;" 15:00 ";Group 1;Carlos Dittborn;"Arica ";Chile;Soviet Union;4;4;Colombia;" "
1962;1962-06-03 00:00:00.000;" 15:00 ";Group 3;Estadio Sausalito;"Vina Del Mar ";Chile;Spain;1;0;Mexico;" "
1962;1962-06-03 00:00:00.000;" 15:00 ";Group 4;Estadio El Teniente-Codelco;"Rancagua ";Chile;Hungary;6;1;Bulgaria;" "
1962;1962-06-03 00:00:00.000;" 15:00 ";Group 2;Nacional;"Santiago De Chile ";Chile;Germany FR;2;1;Switzerland;" "
1962;1962-06-06 00:00:00.000;" 15:00 ";Group 1;Carlos Dittborn;"Arica ";Chile;Soviet Union;2;1;Uruguay;" "
1962;1962-06-06 00:00:00.000;" 15:00 ";Group 3;Estadio Sausalito;"Vina Del Mar ";Chile;Brazil;2;1;Spain;" "
1962;1962-06-06 00:00:00.000;" 15:00 ";Group 4;Estadio El Teniente-Codelco;"Rancagua ";Chile;Hungary;0;0;Argentina;" "
1962;1962-06-06 00:00:00.000;" 15:00 ";Group 2;Nacional;"Santiago De Chile ";Chile;Germany FR;2;0;Chile;" "
1962;1962-06-07 00:00:00.000;" 15:00 ";Group 1;Carlos Dittborn;"Arica ";Chile;Yugoslavia;5;0;Colombia;" "
1962;1962-06-07 00:00:00.000;" 15:00 ";Group 3;Estadio Sausalito;"Vina Del Mar ";Chile;Mexico;3;1;Czechoslovakia;" "
1962;1962-06-07 00:00:00.000;" 15:00 ";Group 4;Estadio El Teniente-Codelco;"Rancagua ";Chile;England;0;0;Bulgaria;" "
1962;1962-06-07 00:00:00.000;" 15:00 ";Group 2;Nacional;"Santiago De Chile ";Chile;Italy;3;0;Switzerland;" "
1962;1962-06-10 00:00:00.000;" 14:30 ";Quarter-finals;Carlos Dittborn;"Arica ";Chile;Chile;2;1;Soviet Union;" "
1962;1962-06-10 00:00:00.000;" 14:30 ";Quarter-finals;Estadio Sausalito;"Vina Del Mar ";Chile;Brazil;3;1;England;" "
1962;1962-06-10 00:00:00.000;" 14:30 ";Quarter-finals;Estadio El Teniente-Codelco;"Rancagua ";Chile;Czechoslovakia;1;0;Hungary;" "
1962;1962-06-10 00:00:00.000;" 14:30 ";Quarter-finals;Nacional;"Santiago De Chile ";Chile;Yugoslavia;1;0;Germany FR;" "
1962;1962-06-13 00:00:00.000;" 14:30 ";Semi-finals;Estadio Sausalito;"Vina Del Mar ";Chile;Czechoslovakia;3;1;Yugoslavia;" "
1962;1962-06-13 00:00:00.000;" 14:30 ";Semi-finals;Nacional;"Santiago De Chile ";Chile;Brazil;4;2;Chile;" "
1962;1962-06-16 00:00:00.000;" 14:30 ";Match for third place;Nacional;"Santiago De Chile ";Chile;Chile;1;0;Yugoslavia;" "
1962;1962-06-17 00:00:00.000;" 14:30 ";Final;Nacional;"Santiago De Chile ";Chile;Brazil;3;1;Czechoslovakia;" "
1966;1966-07-11 00:00:00.000;" 19:30 ";Group 1;Wembley Stadium;"London ";England;England;0;0;Uruguay;" "
1966;1966-07-12 00:00:00.000;" 19:30 ";Group 2;Hillsborough;"Sheffield ";England;Germany FR;5;0;Switzerland;" "
1966;1966-07-12 00:00:00.000;" 19:30 ";Group 3;Goodison Park;"Liverpool ";England;Brazil;2;0;Bulgaria;" "
1966;1966-07-12 00:00:00.000;" 19:30 ";Group 4;Ayresome Park;"Middlesbrough ";England;Soviet Union;3;0;Korea DPR;" "
1966;1966-07-13 00:00:00.000;" 19:30 ";Group 1;Wembley Stadium;"London ";England;France;1;1;Mexico;" "
1966;1966-07-13 00:00:00.000;" 19:30 ";Group 3;Old Trafford Stadium;"Manchester ";England;Portugal;3;1;Hungary;" "
1966;1966-07-13 00:00:00.000;" 19:30 ";Group 2;Villa Park;"Birmingham ";England;Argentina;2;1;Spain;" "
1966;1966-07-13 00:00:00.000;" 19:30 ";Group 4;Roker Park Ground;"Sunderland ";England;Italy;2;0;Chile;" "
1966;1966-07-15 00:00:00.000;" 19:30 ";Group 1;White City;"London ";England;Uruguay;2;1;France;" "
1966;1966-07-15 00:00:00.000;" 19:30 ";Group 2;Hillsborough;"Sheffield ";England;Spain;2;1;Switzerland;" "
1966;1966-07-15 00:00:00.000;" 19:30 ";Group 3;Goodison Park;"Liverpool ";England;Hungary;3;1;Brazil;" "
1966;1966-07-15 00:00:00.000;" 19:30 ";Group 4;Ayresome Park;"Middlesbrough ";England;Korea DPR;1;1;Chile;" "
1966;1966-07-16 00:00:00.000;" 15:00 ";Group 3;Old Trafford Stadium;"Manchester ";England;Portugal;3;0;Bulgaria;" "
1966;1966-07-16 00:00:00.000;" 15:00 ";Group 2;Villa Park;"Birmingham ";England;Germany FR;0;0;Argentina;" "
1966;1966-07-16 00:00:00.000;" 15:00 ";Group 4;Roker Park Ground;"Sunderland ";England;Soviet Union;1;0;Italy;" "
1966;1966-07-16 00:00:00.000;" 19:30 ";Group 1;Wembley Stadium;"London ";England;England;2;0;Mexico;" "
1966;1966-07-19 00:00:00.000;" 16:30 ";Group 1;Wembley Stadium;"London ";England;Uruguay;0;0;Mexico;" "
1966;1966-07-19 00:00:00.000;" 19:30 ";Group 2;Hillsborough;"Sheffield ";England;Argentina;2;0;Switzerland;" "
1966;1966-07-19 00:00:00.000;" 19:30 ";Group 3;Goodison Park;"Liverpool ";England;Portugal;3;1;Brazil;" "
1966;1966-07-19 00:00:00.000;" 19:30 ";Group 4;Ayresome Park;"Middlesbrough ";England;Korea DPR;1;0;Italy;" "
1966;1966-07-20 00:00:00.000;" 19:30 ";Group 1;Wembley Stadium;"London ";England;England;2;0;France;" "
1966;1966-07-20 00:00:00.000;" 19:30 ";Group 3;Old Trafford Stadium;"Manchester ";England;Hungary;3;1;Bulgaria;" "
1966;1966-07-20 00:00:00.000;" 19:30 ";Group 2;Villa Park;"Birmingham ";England;Germany FR;2;1;Spain;" "
1966;1966-07-20 00:00:00.000;" 19:30 ";Group 4;Roker Park Ground;"Sunderland ";England;Soviet Union;2;1;Chile;" "
1966;1966-07-23 00:00:00.000;" 15:00 ";Quarter-finals;Wembley Stadium;"London ";England;England;1;0;Argentina;" "
1966;1966-07-23 00:00:00.000;" 15:00 ";Quarter-finals;Hillsborough;"Sheffield ";England;Germany FR;4;0;Uruguay;" "
1966;1966-07-23 00:00:00.000;" 15:00 ";Quarter-finals;Roker Park Ground;"Sunderland ";England;Soviet Union;2;1;Hungary;" "
1966;1966-07-23 00:00:00.000;" 15:00 ";Quarter-finals;Goodison Park;"Liverpool ";England;Portugal;5;3;Korea DPR;" "
1966;1966-07-25 00:00:00.000;" 19:30 ";Semi-finals;Goodison Park;"Liverpool ";England;Germany FR;2;1;Soviet Union;" "
1966;1966-07-26 00:00:00.000;" 19:30 ";Semi-finals;Wembley Stadium;"London ";England;England;2;1;Portugal;" "
1966;1966-07-28 00:00:00.000;" 19:30 ";Match for third place;Wembley Stadium;"London ";England;Portugal;2;1;Soviet Union;" "
1966;1966-07-30 00:00:00.000;" 15:00 ";Final;Wembley Stadium;"London ";England;England;4;2;Germany FR;"England win after extra time "
1970;1970-05-31 00:00:00.000;" 12:00 ";Group 1;Estadio Azteca;"Mexico City ";Mexico;Mexico;0;0;Soviet Union;" "
1970;1970-06-02 00:00:00.000;" 16:00 ";Group 2;Cuauhtemoc;"Puebla ";Mexico;Uruguay;2;0;Israel;" "
1970;1970-06-02 00:00:00.000;" 16:00 ";Group 4;Nou Camp - Estadio Leï¿½n;"Leon ";Mexico;Peru;3;2;Bulgaria;" "
1970;1970-06-02 00:00:00.000;" 16:00 ";Group 3;Jalisco;"Guadalajara ";Mexico;England;1;0;Romania;" "
1970;1970-06-03 00:00:00.000;" 16:00 ";Group 2;Luis Dosal;"Toluca ";Mexico;Italy;1;0;Sweden;" "
1970;1970-06-03 00:00:00.000;" 16:00 ";Group 4;Nou Camp - Estadio Leï¿½n;"Leon ";Mexico;Germany FR;2;1;Morocco;" "
1970;1970-06-03 00:00:00.000;" 16:00 ";Group 3;Jalisco;"Guadalajara ";Mexico;Brazil;4;1;Czechoslovakia;" "
1970;1970-06-03 00:00:00.000;" 16:00 ";Group 1;Estadio Azteca;"Mexico City ";Mexico;Belgium;3;0;El Salvador;" "
1970;1970-06-06 00:00:00.000;" 16:00 ";Group 2;Cuauhtemoc;"Puebla ";Mexico;Uruguay;0;0;Italy;" "
1970;1970-06-06 00:00:00.000;" 16:00 ";Group 4;Nou Camp - Estadio Leï¿½n;"Leon ";Mexico;Peru;3;0;Morocco;" "
1970;1970-06-06 00:00:00.000;" 16:00 ";Group 3;Jalisco;"Guadalajara ";Mexico;Romania;2;1;Czechoslovakia;" "
1970;1970-06-06 00:00:00.000;" 16:00 ";Group 1;Estadio Azteca;"Mexico City ";Mexico;Soviet Union;4;1;Belgium;" "
1970;1970-06-07 00:00:00.000;" 12:00 ";Group 2;Luis Dosal;"Toluca ";Mexico;Sweden;1;1;Israel;" "
1970;1970-06-07 00:00:00.000;" 12:00 ";Group 4;Nou Camp - Estadio Leï¿½n;"Leon ";Mexico;Germany FR;5;2;Bulgaria;" "
1970;1970-06-07 00:00:00.000;" 12:00 ";Group 3;Jalisco;"Guadalajara ";Mexico;Brazil;1;0;England;" "
1970;1970-06-07 00:00:00.000;" 12:00 ";Group 1;Estadio Azteca;"Mexico City ";Mexico;Mexico;4;0;El Salvador;" "
1970;1970-06-10 00:00:00.000;" 16:00 ";Group 2;Cuauhtemoc;"Puebla ";Mexico;Sweden;1;0;Uruguay;" "
1970;1970-06-10 00:00:00.000;" 16:00 ";Group 4;Nou Camp - Estadio Leï¿½n;"Leon ";Mexico;Germany FR;3;1;Peru;" "
1970;1970-06-10 00:00:00.000;" 16:00 ";Group 3;Jalisco;"Guadalajara ";Mexico;Brazil;3;2;Romania;" "
1970;1970-06-10 00:00:00.000;" 16:00 ";Group 1;Estadio Azteca;"Mexico City ";Mexico;Soviet Union;2;0;El Salvador;" "
1970;1970-06-11 00:00:00.000;" 16:00 ";Group 2;Luis Dosal;"Toluca ";Mexico;Italy;0;0;Israel;" "
1970;1970-06-11 00:00:00.000;" 16:00 ";Group 4;Nou Camp - Estadio Leï¿½n;"Leon ";Mexico;Bulgaria;1;1;Morocco;" "
1970;1970-06-11 00:00:00.000;" 16:00 ";Group 3;Jalisco;"Guadalajara ";Mexico;England;1;0;Czechoslovakia;" "
1970;1970-06-11 00:00:00.000;" 16:00 ";Group 1;Estadio Azteca;"Mexico City ";Mexico;Mexico;1;0;Belgium;" "
1970;1970-06-14 00:00:00.000;" 12:00 ";Quarter-finals;Luis Dosal;"Toluca ";Mexico;Italy;4;1;Mexico;" "
1970;1970-06-14 00:00:00.000;" 12:00 ";Quarter-finals;Nou Camp - Estadio Leï¿½n;"Leon ";Mexico;Germany FR;3;2;England;"Germany FR win after extra time "
1970;1970-06-14 00:00:00.000;" 12:00 ";Quarter-finals;Jalisco;"Guadalajara ";Mexico;Brazil;4;2;Peru;" "
1970;1970-06-14 00:00:00.000;" 12:00 ";Quarter-finals;Estadio Azteca;"Mexico City ";Mexico;Uruguay;1;0;Soviet Union;"Uruguay win after extra time "
1970;1970-06-17 00:00:00.000;" 16:00 ";Semi-finals;Jalisco;"Guadalajara ";Mexico;Brazil;3;1;Uruguay;" "
1970;1970-06-17 00:00:00.000;" 16:00 ";Semi-finals;Estadio Azteca;"Mexico City ";Mexico;Italy;4;3;Germany FR;"Italy win after extra time "
1970;1970-06-20 00:00:00.000;" 16:00 ";Match for third place;Estadio Azteca;"Mexico City ";Mexico;Germany FR;1;0;Uruguay;" "
1970;1970-06-21 00:00:00.000;" 12:00 ";Final;Estadio Azteca;"Mexico City ";Mexico;Brazil;4;1;Italy;" "
1974;1974-06-13 00:00:00.000;" 17:00 ";Group 2;Waldstadion;"Frankfurt/Main ";Germany;Brazil;0;0;Yugoslavia;" "
1974;1974-06-14 00:00:00.000;" 16:00 ";Group 1;Olympiastadion;"Berlin West ";Germany;Germany FR;1;0;Chile;" "
1974;1974-06-14 00:00:00.000;" 19:30 ";Group 1;Volksparkstadion;"Hamburg ";Germany;German DR;2;0;Australia;" "
1974;1974-06-14 00:00:00.000;" 19:30 ";Group 2;Westfalenstadion;"Dortmund ";Germany;Zaire;0;2;Scotland;" "
1974;1974-06-15 00:00:00.000;" 16:00 ";Group 3;Niedersachsenstadion;"Hanover ";Germany;Uruguay;0;2;Netherlands;" "
1974;1974-06-15 00:00:00.000;" 16:00 ";Group 3;Rheinstadion;"Dï¿½Sseldorf ";Germany;Sweden;0;0;Bulgaria;" "
1974;1974-06-15 00:00:00.000;" 18:00 ";Group 4;Olympiastadion;"Munich ";Germany;Italy;3;1;Haiti;" "
1974;1974-06-15 00:00:00.000;" 18:00 ";Group 4;Neckarstadion;"Stuttgart ";Germany;Poland;3;2;Argentina;" "
1974;1974-06-18 00:00:00.000;" 16:00 ";Group 1;Volksparkstadion;"Hamburg ";Germany;Australia;0;3;Germany FR;" "
1974;1974-06-18 00:00:00.000;" 19:30 ";Group 2;Waldstadion;"Frankfurt/Main ";Germany;Scotland;0;0;Brazil;" "
1974;1974-06-18 00:00:00.000;" 19:30 ";Group 1;Olympiastadion;"Berlin West ";Germany;Chile;1;1;German DR;" "
1974;1974-06-18 00:00:00.000;" 19:30 ";Group 2;Parkstadion;"Gelsenkirchen ";Germany;Yugoslavia;9;0;Zaire;" "
1974;1974-06-19 00:00:00.000;" 19:30 ";Group 3;Westfalenstadion;"Dortmund ";Germany;Netherlands;0;0;Sweden;" "
1974;1974-06-19 00:00:00.000;" 19:30 ";Group 3;Niedersachsenstadion;"Hanover ";Germany;Bulgaria;1;1;Uruguay;" "
1974;1974-06-19 00:00:00.000;" 19:30 ";Group 4;Olympiastadion;"Munich ";Germany;Haiti;0;7;Poland;" "
1974;1974-06-19 00:00:00.000;" 19:30 ";Group 4;Neckarstadion;"Stuttgart ";Germany;Argentina;1;1;Italy;" "
1974;1974-06-22 00:00:00.000;" 16:00 ";Group 2;Waldstadion;"Frankfurt/Main ";Germany;Scotland;1;1;Yugoslavia;" "
1974;1974-06-22 00:00:00.000;" 16:00 ";Group 1;Olympiastadion;"Berlin West ";Germany;Australia;0;0;Chile;" "
1974;1974-06-22 00:00:00.000;" 16:00 ";Group 2;Parkstadion;"Gelsenkirchen ";Germany;Zaire;0;3;Brazil;" "
1974;1974-06-22 00:00:00.000;" 19:30 ";Group 1;Volksparkstadion;"Hamburg ";Germany;German DR;1;0;Germany FR;" "
1974;1974-06-23 00:00:00.000;" 16:00 ";Group 3;Westfalenstadion;"Dortmund ";Germany;Bulgaria;1;4;Netherlands;" "
1974;1974-06-23 00:00:00.000;" 16:00 ";Group 4;Olympiastadion;"Munich ";Germany;Argentina;4;1;Haiti;" "
1974;1974-06-23 00:00:00.000;" 16:00 ";Group 3;Rheinstadion;"Dï¿½Sseldorf ";Germany;Sweden;3;0;Uruguay;" "
1974;1974-06-23 00:00:00.000;" 16:00 ";Group 4;Neckarstadion;"Stuttgart ";Germany;Poland;2;1;Italy;" "
1974;1974-06-26 00:00:00.000;" 16:00 ";Group B;Rheinstadion;"Dï¿½Sseldorf ";Germany;Yugoslavia;0;2;Germany FR;" "
1974;1974-06-26 00:00:00.000;" 19:30 ";Group A;Niedersachsenstadion;"Hanover ";Germany;Brazil;1;0;German DR;" "
1974;1974-06-26 00:00:00.000;" 19:30 ";Group A;Parkstadion;"Gelsenkirchen ";Germany;Netherlands;4;0;Argentina;" "
1974;1974-06-26 00:00:00.000;" 19:30 ";Group B;Neckarstadion;"Stuttgart ";Germany;Sweden;0;1;Poland;" "
1974;1974-06-30 00:00:00.000;" 16:00 ";Group A;Niedersachsenstadion;"Hanover ";Germany;Argentina;1;2;Brazil;" "
1974;1974-06-30 00:00:00.000;" 16:00 ";Group B;Waldstadion;"Frankfurt/Main ";Germany;Poland;2;1;Yugoslavia;" "
1974;1974-06-30 00:00:00.000;" 16:00 ";Group A;Parkstadion;"Gelsenkirchen ";Germany;German DR;0;2;Netherlands;" "
1974;1974-06-30 00:00:00.000;" 19:30 ";Group B;Rheinstadion;"Dï¿½Sseldorf ";Germany;Germany FR;4;2;Sweden;" "
1974;1974-07-03 00:00:00.000;" 17:00 ";Group B;Waldstadion;"Frankfurt/Main ";Germany;Poland;0;1;Germany FR;" "
1974;1974-07-03 00:00:00.000;" 19:30 ";Group A;Westfalenstadion;"Dortmund ";Germany;Netherlands;2;0;Brazil;" "
1974;1974-07-03 00:00:00.000;" 19:30 ";Group A;Parkstadion;"Gelsenkirchen ";Germany;Argentina;1;1;German DR;" "
1974;1974-07-03 00:00:00.000;" 19:30 ";Group B;Rheinstadion;"Dï¿½Sseldorf ";Germany;Sweden;2;1;Yugoslavia;" "
1974;1974-07-06 00:00:00.000;" 16:00 ";Match for third place;Olympiastadion;"Munich ";Germany;Brazil;0;1;Poland;" "
1974;1974-07-07 00:00:00.000;" 16:00 ";Final;Olympiastadion;"Munich ";Germany;Netherlands;1;2;Germany FR;" "
1978;1978-06-01 00:00:00.000;" 15:00 ";Group 2;El Monumental - Estadio Monumental Antonio Vespuci;"Buenos Aires ";Argentina;Germany FR;0;0;Poland;" "
1978;1978-06-02 00:00:00.000;" 13:45 ";Group 1;Estadio Josï¿½ Marï¿½a Minella;"Mar Del Plata ";Argentina;Italy;2;1;France;" "
1978;1978-06-02 00:00:00.000;" 16:45 ";Group 2;Arroyito - Estadio Dr. Lisandro de la Torre;"Rosario ";Argentina;Tunisia;3;1;Mexico;" "
1978;1978-06-02 00:00:00.000;" 19:15 ";Group 1;El Monumental - Estadio Monumental Antonio Vespuci;"Buenos Aires ";Argentina;Argentina;2;1;Hungary;" "
1978;1978-06-03 00:00:00.000;" 13:45 ";Group 3;Estadio Josï¿½ Marï¿½a Minella;"Mar Del Plata ";Argentina;Sweden;1;1;Brazil;" "
1978;1978-06-03 00:00:00.000;" 13:45 ";Group 3;Jose Amalfitani;"Buenos Aires ";Argentina;Austria;2;1;Spain;" "
1978;1978-06-03 00:00:00.000;" 16:45 ";Group 4;Estadio Olï¿½mpico Chateau Carreras;"Cordoba ";Argentina;Peru;3;1;Scotland;" "
1978;1978-06-03 00:00:00.000;" 16:45 ";Group 4;San Martin;"Mendoza ";Argentina;Netherlands;3;0;IR Iran;" "
1978;1978-06-06 00:00:00.000;" 13:45 ";Group 1;Estadio Josï¿½ Marï¿½a Minella;"Mar Del Plata ";Argentina;Italy;3;1;Hungary;" "
1978;1978-06-06 00:00:00.000;" 16:45 ";Group 2;Arroyito - Estadio Dr. Lisandro de la Torre;"Rosario ";Argentina;Poland;1;0;Tunisia;" "
1978;1978-06-06 00:00:00.000;" 16:45 ";Group 2;Estadio Olï¿½mpico Chateau Carreras;"Cordoba ";Argentina;Germany FR;6;0;Mexico;" "
1978;1978-06-06 00:00:00.000;" 19:15 ";Group 1;El Monumental - Estadio Monumental Antonio Vespuci;"Buenos Aires ";Argentina;Argentina;2;1;France;" "
1978;1978-06-07 00:00:00.000;" 13:45 ";Group 3;Estadio Josï¿½ Marï¿½a Minella;"Mar Del Plata ";Argentina;Brazil;0;0;Spain;" "
1978;1978-06-07 00:00:00.000;" 13:45 ";Group 3;Jose Amalfitani;"Buenos Aires ";Argentina;Austria;1;0;Sweden;" "
1978;1978-06-07 00:00:00.000;" 16:45 ";Group 4;Estadio Olï¿½mpico Chateau Carreras;"Cordoba ";Argentina;Scotland;1;1;IR Iran;" "
1978;1978-06-07 00:00:00.000;" 16:45 ";Group 4;San Martin;"Mendoza ";Argentina;Netherlands;0;0;Peru;" "
1978;1978-06-10 00:00:00.000;" 15:10 ";Group 1;Estadio Josï¿½ Marï¿½a Minella;"Mar Del Plata ";Argentina;France;3;1;Hungary;" "
1978;1978-06-10 00:00:00.000;" 16:45 ";Group 2;Arroyito - Estadio Dr. Lisandro de la Torre;"Rosario ";Argentina;Poland;3;1;Mexico;" "
1978;1978-06-10 00:00:00.000;" 16:45 ";Group 2;Estadio Olï¿½mpico Chateau Carreras;"Cordoba ";Argentina;Germany FR;0;0;Tunisia;" "
1978;1978-06-10 00:00:00.000;" 19:15 ";Group 1;El Monumental - Estadio Monumental Antonio Vespuci;"Buenos Aires ";Argentina;Italy;1;0;Argentina;" "
1978;1978-06-11 00:00:00.000;" 13:45 ";Group 3;Estadio Josï¿½ Marï¿½a Minella;"Mar Del Plata ";Argentina;Brazil;1;0;Austria;" "
1978;1978-06-11 00:00:00.000;" 13:45 ";Group 3;Jose Amalfitani;"Buenos Aires ";Argentina;Spain;1;0;Sweden;" "
1978;1978-06-11 00:00:00.000;" 16:45 ";Group 4;Estadio Olï¿½mpico Chateau Carreras;"Cordoba ";Argentina;Peru;4;1;Iran;" "
1978;1978-06-11 00:00:00.000;" 16:45 ";Group 4;San Martin;"Mendoza ";Argentina;Scotland;3;2;Netherlands;" "
1978;1978-06-14 00:00:00.000;" 13:45 ";Group A;El Monumental - Estadio Monumental Antonio Vespuci;"Buenos Aires ";Argentina;Germany FR;0;0;Italy;" "
1978;1978-06-14 00:00:00.000;" 13:45 ";Group A;Estadio Olï¿½mpico Chateau Carreras;"Cordoba ";Argentina;Netherlands;5;1;Austria;" "
1978;1978-06-14 00:00:00.000;" 16:45 ";Group B;San Martin;"Mendoza ";Argentina;Brazil;3;0;Peru;" "
1978;1978-06-14 00:00:00.000;" 19:15 ";Group B;Arroyito - Estadio Dr. Lisandro de la Torre;"Rosario ";Argentina;Argentina;2;0;Poland;" "
1978;1978-06-18 00:00:00.000;" 13:45 ";Group B;San Martin;"Mendoza ";Argentina;Poland;1;0;Peru;" "
1978;1978-06-18 00:00:00.000;" 16:45 ";Group A;El Monumental - Estadio Monumental Antonio Vespuci;"Buenos Aires ";Argentina;Italy;1;0;Austria;" "
1978;1978-06-18 00:00:00.000;" 16:45 ";Group A;Estadio Olï¿½mpico Chateau Carreras;"Cordoba ";Argentina;Germany FR;2;2;Netherlands;" "
1978;1978-06-18 00:00:00.000;" 19:15 ";Group B;Arroyito - Estadio Dr. Lisandro de la Torre;"Rosario ";Argentina;Argentina;0;0;Brazil;" "
1978;1978-06-21 00:00:00.000;" 13:45 ";Group A;El Monumental - Estadio Monumental Antonio Vespuci;"Buenos Aires ";Argentina;Netherlands;2;1;Italy;" "
1978;1978-06-21 00:00:00.000;" 13:45 ";Group A;Estadio Olï¿½mpico Chateau Carreras;"Cordoba ";Argentina;Austria;3;2;Germany FR;" "
1978;1978-06-21 00:00:00.000;" 16:45 ";Group B;San Martin;"Mendoza ";Argentina;Brazil;3;1;Poland;" "
1978;1978-06-21 00:00:00.000;" 19:15 ";Group B;Arroyito - Estadio Dr. Lisandro de la Torre;"Rosario ";Argentina;Argentina;6;0;Peru;" "
1978;1978-06-24 00:00:00.000;" 15:00 ";Match for third place;El Monumental - Estadio Monumental Antonio Vespuci;"Buenos Aires ";Argentina;Brazil;2;1;Italy;" "
1978;1978-06-25 00:00:00.000;" 15:00 ";Final;El Monumental - Estadio Monumental Antonio Vespuci;"Buenos Aires ";Argentina;Argentina;3;1;Netherlands;"Argentina win after extra time "
1982;1982-06-13 00:00:00.000;" 20:00 ";Group 3;Camp Nou;"Barcelona ";Spain;Argentina;0;1;Belgium;" "
1982;1982-06-14 00:00:00.000;" 17:15 ";Group 1;Estadio Municipal de Balaï¿½dos;"Vigo ";Spain;Italy;0;0;Poland;" "
1982;1982-06-14 00:00:00.000;" 21:00 ";Group 6;Ramon Sanchez Pizjuan;"Seville ";Spain;Brazil;2;1;Soviet Union;" "
1982;1982-06-15 00:00:00.000;" 17:15 ";Group 1;Riazor;"La Coruï¿½A ";Spain;Peru;0;0;Cameroon;" "
1982;1982-06-15 00:00:00.000;" 21:00 ";Group 3;Nuevo Estadio;"Elche ";Spain;Hungary;10;1;El Salvador;" "
1982;1982-06-15 00:00:00.000;" 21:00 ";Group 6;La Rosaleda;"Malaga ";Spain;Scotland;5;2;New Zealand;" "
1982;1982-06-16 00:00:00.000;" 17:15 ";Group 2;El Molinon;"Gijon ";Spain;Germany FR;1;2;Algeria;" "
1982;1982-06-16 00:00:00.000;" 17:15 ";Group 4;San Mames;"Bilbao ";Spain;England;3;1;France;" "
1982;1982-06-16 00:00:00.000;" 21:00 ";Group 5;Luis Casanova;"Valencia ";Spain;Spain;1;1;Honduras;" "
1982;1982-06-17 00:00:00.000;" 17:15 ";Group 2;Carlos Tartiere;"Oviedo ";Spain;Chile;0;1;Austria;" "
1982;1982-06-17 00:00:00.000;" 17:45 ";Group 4;Jose Zorrilla;"Valladolid ";Spain;Czechoslovakia;1;1;Kuwait;" "
1982;1982-06-17 00:00:00.000;" 21:00 ";Group 5;La Romareda;"Zaragoza ";Spain;Yugoslavia;0;0;Northern Ireland;" "
1982;1982-06-18 00:00:00.000;" 17:15 ";Group 1;Estadio Municipal de Balaï¿½dos;"Vigo ";Spain;Italy;1;1;Peru;" "
1982;1982-06-18 00:00:00.000;" 21:00 ";Group 3;Jose Rico Perez;"Alicante ";Spain;Argentina;4;1;Hungary;" "
1982;1982-06-18 00:00:00.000;" 21:00 ";Group 6;Benito Villamarin;"Seville ";Spain;Brazil;4;1;Scotland;" "
1982;1982-06-19 00:00:00.000;" 19:15 ";Group 1;Riazor;"La Coruï¿½A ";Spain;Poland;0;0;Cameroon;" "
1982;1982-06-19 00:00:00.000;" 21:00 ";Group 3;Nuevo Estadio;"Elche ";Spain;Belgium;1;0;El Salvador;" "
1982;1982-06-19 00:00:00.000;" 21:00 ";Group 6;La Rosaleda;"Malaga ";Spain;Soviet Union;3;0;New Zealand;" "
1982;1982-06-20 00:00:00.000;" 17:15 ";Group 2;El Molinon;"Gijon ";Spain;Germany FR;4;1;Chile;" "
1982;1982-06-20 00:00:00.000;" 17:15 ";Group 4;San Mames;"Bilbao ";Spain;England;2;0;Czechoslovakia;" "
1982;1982-06-20 00:00:00.000;" 21:00 ";Group 5;Luis Casanova;"Valencia ";Spain;Spain;2;1;Yugoslavia;" "
1982;1982-06-21 00:00:00.000;" 17:15 ";Group 2;Carlos Tartiere;"Oviedo ";Spain;Algeria;0;2;Austria;" "
1982;1982-06-21 00:00:00.000;" 17:15 ";Group 4;Jose Zorrilla;"Valladolid ";Spain;France;4;1;Kuwait;" "
1982;1982-06-21 00:00:00.000;" 21:00 ";Group 5;La Romareda;"Zaragoza ";Spain;Honduras;1;1;Northern Ireland;" "
1982;1982-06-22 00:00:00.000;" 17:15 ";Group 1;Riazor;"La Coruï¿½A ";Spain;Poland;5;1;Peru;" "
1982;1982-06-22 00:00:00.000;" 21:00 ";Group 3;Nuevo Estadio;"Elche ";Spain;Belgium;1;1;Hungary;" "
1982;1982-06-22 00:00:00.000;" 21:00 ";Group 6;La Rosaleda;"Malaga ";Spain;Soviet Union;2;2;Scotland;" "
1982;1982-06-23 00:00:00.000;" 17:15 ";Group 1;Estadio Municipal de Balaï¿½dos;"Vigo ";Spain;Italy;1;1;Cameroon;" "
1982;1982-06-23 00:00:00.000;" 21:00 ";Group 3;Jose Rico Perez;"Alicante ";Spain;Argentina;2;0;El Salvador;" "
1982;1982-06-23 00:00:00.000;" 21:00 ";Group 6;Benito Villamarin;"Seville ";Spain;Brazil;4;0;New Zealand;" "
1982;1982-06-24 00:00:00.000;" 17:15 ";Group 2;Carlos Tartiere;"Oviedo ";Spain;Algeria;3;2;Chile;" "
1982;1982-06-24 00:00:00.000;" 17:15 ";Group 4;Jose Zorrilla;"Valladolid ";Spain;France;1;1;Czechoslovakia;" "
1982;1982-06-24 00:00:00.000;" 21:00 ";Group 5;La Romareda;"Zaragoza ";Spain;Honduras;0;1;Yugoslavia;" "
1982;1982-06-25 00:00:00.000;" 17:15 ";Group 2;El Molinon;"Gijon ";Spain;Germany FR;1;0;Austria;" "
1982;1982-06-25 00:00:00.000;" 17:15 ";Group 4;San Mames;"Bilbao ";Spain;England;1;0;Kuwait;" "
1982;1982-06-25 00:00:00.000;" 21:00 ";Group 5;Luis Casanova;"Valencia ";Spain;Northern Ireland;1;0;Spain;" "
1982;1982-06-28 00:00:00.000;" 17:15 ";Group 4;Vicente Calderon;"Madrid ";Spain;Austria;0;1;France;" "
1982;1982-06-28 00:00:00.000;" 21:00 ";Group 1;Camp Nou;"Barcelona ";Spain;Poland;3;0;Belgium;" "
1982;1982-06-29 00:00:00.000;" 17:15 ";Group 3;Sarria;"Barcelona ";Spain;Italy;2;1;Argentina;" "
1982;1982-06-29 00:00:00.000;" 21:00 ";Group 2;Santiago Bernabeu;"Madrid ";Spain;Germany FR;0;0;England;" "
1982;1982-07-01 00:00:00.000;" 17:15 ";Group 4;Vicente Calderon;"Madrid ";Spain;Austria;2;2;Northern Ireland;" "
1982;1982-07-01 00:00:00.000;" 21:00 ";Group 1;Camp Nou;"Barcelona ";Spain;Belgium;0;1;Soviet Union;" "
1982;1982-07-02 00:00:00.000;" 17:15 ";Group 3;Sarria;"Barcelona ";Spain;Argentina;1;3;Brazil;" "
1982;1982-07-02 00:00:00.000;" 21:00 ";Group 2;Santiago Bernabeu;"Madrid ";Spain;Germany FR;2;1;Spain;" "
1982;1982-07-04 00:00:00.000;" 17:15 ";Group 4;Vicente Calderon;"Madrid ";Spain;France;4;1;Northern Ireland;" "
1982;1982-07-04 00:00:00.000;" 21:00 ";Group 1;Camp Nou;"Barcelona ";Spain;Poland;0;0;Soviet Union;" "
1982;1982-07-05 00:00:00.000;" 17:15 ";Group 3;Sarria;"Barcelona ";Spain;Italy;3;2;Brazil;" "
1982;1982-07-05 00:00:00.000;" 21:00 ";Group 2;Santiago Bernabeu;"Madrid ";Spain;Spain;0;0;England;" "
1982;1982-07-08 00:00:00.000;" 17:15 ";Semi-finals;Camp Nou;"Barcelona ";Spain;Poland;0;2;Italy;" "
1982;1982-07-08 00:00:00.000;" 21:00 ";Semi-finals;Ramon Sanchez Pizjuan;"Seville ";Spain;Germany FR;3;3;France;" win on penalties (5 - 4) "
1982;1982-07-10 00:00:00.000;" 20:00 ";Match for third place;Jose Rico Perez;"Alicante ";Spain;Poland;3;2;France;" "
1982;1982-07-11 00:00:00.000;" 20:00 ";Final;Santiago Bernabeu;"Madrid ";Spain;Italy;3;1;Germany FR;" "
1986;1986-05-31 00:00:00.000;" 12:00 ";Group A;Estadio Azteca;"Mexico City ";Mexico;Bulgaria;1;1;Italy;" "
1986;1986-06-01 00:00:00.000;" 16:00 ";Group C;Nou Camp - Estadio Leï¿½n;"Leon ";Mexico;Canada;0;1;France;" "
1986;1986-06-01 00:00:00.000;" 12:00 ";Group D;Jalisco;"Guadalajara ";Mexico;Spain;0;1;Brazil;" "
1986;1986-06-02 00:00:00.000;" 12:00 ";Group C;Estadio Irapuato;"Irapuato ";Mexico;Soviet Union;6;0;Hungary;" "
1986;1986-06-02 00:00:00.000;" 12:00 ";Group A;Estadio Olï¿½mpico Universitario;"Mexico City ";Mexico;Argentina;3;1;Korea Republic;" "
1986;1986-06-02 00:00:00.000;" 16:00 ";Group F;Estadio Universitario;"Monterrey ";Mexico;Morocco;0;0;Poland;" "
1986;1986-06-03 00:00:00.000;" 12:00 ";Group D;Tres de Marzo;"Guadalajara ";Mexico;Algeria;1;1;Northern Ireland;" "
1986;1986-06-03 00:00:00.000;" 12:00 ";Group B;Estadio Azteca;"Mexico City ";Mexico;Belgium;1;2;Mexico;" "
1986;1986-06-03 00:00:00.000;" 16:00 ";Group F;Tecnologico;"Monterrey ";Mexico;Portugal;1;0;England;" "
1986;1986-06-04 00:00:00.000;" 12:00 ";Group B;Bombonera - Estadio Nemesio Diez;"Toluca ";Mexico;Paraguay;1;0;Iraq;" "
1986;1986-06-04 00:00:00.000;" 16:00 ";Group E;Neza;"Nezahualcoyotl ";Mexico;Scotland;0;1;Denmark;" "
1986;1986-06-04 00:00:00.000;" 12:00 ";Group E;Estadio Corregidora;"Queretaro ";Mexico;Uruguay;1;1;Germany FR;" "
1986;1986-06-05 00:00:00.000;" 12:00 ";Group A;Cuauhtemoc;"Puebla ";Mexico;Italy;1;1;Argentina;" "
1986;1986-06-05 00:00:00.000;" 12:00 ";Group C;Nou Camp - Estadio Leï¿½n;"Leon ";Mexico;France;1;1;Soviet Union;" "
1986;1986-06-05 00:00:00.000;" 16:00 ";Group A;Estadio Olï¿½mpico Universitario;"Mexico City ";Mexico;Korea Republic;1;1;Bulgaria;" "
1986;1986-06-06 00:00:00.000;" 12:00 ";Group C;Estadio Irapuato;"Irapuato ";Mexico;Hungary;2;0;Canada;" "
1986;1986-06-06 00:00:00.000;" 12:00 ";Group D;Jalisco;"Guadalajara ";Mexico;Brazil;1;0;Algeria;" "
1986;1986-06-06 00:00:00.000;" 16:00 ";Group F;Tecnologico;"Monterrey ";Mexico;England;0;0;Morocco;" "
1986;1986-06-07 00:00:00.000;" 12:00 ";Group D;Tres de Marzo;"Guadalajara ";Mexico;Northern Ireland;1;2;Spain;" "
1986;1986-06-07 00:00:00.000;" 12:00 ";Group B;Estadio Azteca;"Mexico City ";Mexico;Mexico;1;1;Paraguay;" "
1986;1986-06-07 00:00:00.000;" 16:00 ";Group F;Estadio Universitario;"Monterrey ";Mexico;Poland;1;0;Portugal;" "
1986;1986-06-08 00:00:00.000;" 12:00 ";Group B;Bombonera - Estadio Nemesio Diez;"Toluca ";Mexico;Iraq;1;2;Belgium;" "
1986;1986-06-08 00:00:00.000;" 16:00 ";Group E;Neza;"Nezahualcoyotl ";Mexico;Denmark;6;1;Uruguay;" "
1986;1986-06-08 00:00:00.000;" 12:00 ";Group E;Estadio Corregidora;"Queretaro ";Mexico;Germany FR;2;1;Scotland;" "
1986;1986-06-09 00:00:00.000;" 12:00 ";Group C;Nou Camp - Estadio Leï¿½n;"Leon ";Mexico;Hungary;0;3;France;" "
1986;1986-06-09 00:00:00.000;" 12:00 ";Group C;Estadio Irapuato;"Irapuato ";Mexico;Soviet Union;2;0;Canada;" "
1986;1986-06-10 00:00:00.000;" 12:00 ";Group A;Cuauhtemoc;"Puebla ";Mexico;Korea Republic;2;3;Italy;" "
1986;1986-06-10 00:00:00.000;" 12:00 ";Group A;Estadio Olï¿½mpico Universitario;"Mexico City ";Mexico;Argentina;2;0;Bulgaria;" "
1986;1986-06-11 00:00:00.000;" 12:00 ";Group B;Bombonera - Estadio Nemesio Diez;"Toluca ";Mexico;Paraguay;2;2;Belgium;" "
1986;1986-06-11 00:00:00.000;" 12:00 ";Group B;Estadio Azteca;"Mexico City ";Mexico;Iraq;0;1;Mexico;" "
1986;1986-06-11 00:00:00.000;" 16:00 ";Group F;Tres de Marzo;"Guadalajara ";Mexico;Portugal;1;3;Morocco;" "
1986;1986-06-11 00:00:00.000;" 16:00 ";Group F;Tecnologico;"Monterrey ";Mexico;England;3;0;Poland;" "
1986;1986-06-12 00:00:00.000;" 12:00 ";Group D;Jalisco;"Guadalajara ";Mexico;Northern Ireland;0;3;Brazil;" "
1986;1986-06-12 00:00:00.000;" 12:00 ";Group D;Tecnologico;"Monterrey ";Mexico;Algeria;0;3;Spain;" "
1986;1986-06-13 00:00:00.000;" 12:00 ";Group E;Neza;"Nezahualcoyotl ";Mexico;Scotland;0;0;Uruguay;" "
1986;1986-06-13 00:00:00.000;" 12:00 ";Group E;Estadio Corregidora;"Queretaro ";Mexico;Denmark;2;0;Germany FR;" "
1986;1986-06-15 00:00:00.000;" 16:00 ";Round of 16;Nou Camp - Estadio Leï¿½n;"Leon ";Mexico;Soviet Union;3;4;Belgium;"Belgium win after extra time "
1986;1986-06-15 00:00:00.000;" 12:00 ";Round of 16;Estadio Azteca;"Mexico City ";Mexico;Mexico;2;0;Bulgaria;" "
1986;1986-06-16 00:00:00.000;" 16:00 ";Round of 16;Cuauhtemoc;"Puebla ";Mexico;Argentina;1;0;Uruguay;" "
1986;1986-06-16 00:00:00.000;" 12:00 ";Round of 16;Jalisco;"Guadalajara ";Mexico;Brazil;4;0;Poland;" "
1986;1986-06-17 00:00:00.000;" 12:00 ";Round of 16;Estadio Olï¿½mpico Universitario;"Mexico City ";Mexico;Italy;0;2;France;" "
1986;1986-06-17 00:00:00.000;" 16:00 ";Round of 16;Estadio Universitario;"Monterrey ";Mexico;Morocco;0;1;Germany FR;" "
1986;1986-06-18 00:00:00.000;" 12:00 ";Round of 16;Estadio Azteca;"Mexico City ";Mexico;England;3;0;Paraguay;" "
1986;1986-06-18 00:00:00.000;" 16:00 ";Round of 16;Estadio Corregidora;"Queretaro ";Mexico;Denmark;1;5;Spain;" "
1986;1986-06-21 00:00:00.000;" 12:00 ";Quarter-finals;Jalisco;"Guadalajara ";Mexico;Brazil;1;1;France;"France win on penalties (3 - 4) "
1986;1986-06-21 00:00:00.000;" 16:00 ";Quarter-finals;Estadio Universitario;"Monterrey ";Mexico;Germany FR;0;0;Mexico;"Germany FR win on penalties (4 - 1) "
1986;1986-06-22 00:00:00.000;" 16:00 ";Quarter-finals;Cuauhtemoc;"Puebla ";Mexico;Spain;1;1;Belgium;"Belgium win on penalties (4 - 5) "
1986;1986-06-22 00:00:00.000;" 12:00 ";Quarter-finals;Estadio Azteca;"Mexico City ";Mexico;Argentina;2;1;England;" "
1986;1986-06-25 00:00:00.000;" 12:00 ";Semi-finals;Jalisco;"Guadalajara ";Mexico;France;0;2;Germany FR;" "
1986;1986-06-25 00:00:00.000;" 16:00 ";Semi-finals;Estadio Azteca;"Mexico City ";Mexico;Argentina;2;0;Belgium;" "
1986;1986-06-28 00:00:00.000;" 12:00 ";Match for third place;Cuauhtemoc;"Puebla ";Mexico;France;4;2;Belgium;"France win after extra time "
1986;1986-06-29 00:00:00.000;" 12:00 ";Final;Estadio Azteca;"Mexico City ";Mexico;Argentina;3;2;Germany FR;" "
1990;1990-06-08 00:00:00.000;" 18:00 ";Group B;Giuseppe Meazza;"Milan ";Italy;Argentina;0;1;Cameroon;" "
1990;1990-06-09 00:00:00.000;" 17:00 ";Group B;Stadio San Nicola;"Bari ";Italy;Soviet Union;0;2;Romania;" "
1990;1990-06-09 00:00:00.000;" 17:00 ";Group D;Renato Dall Ara;"Bologna ";Italy;United Arab Emirates;0;2;Colombia;" "
1990;1990-06-09 00:00:00.000;" 21:00 ";Group A;Stadio Olimpico;"Rome ";Italy;Italy;1;0;Austria;" "
1990;1990-06-10 00:00:00.000;" 17:00 ";Group A;Comunale;"Florence ";Italy;USA;1;5;Czechoslovakia;" "
1990;1990-06-10 00:00:00.000;" 21:00 ";Group C;Stadio delle Alpi;"Turin ";Italy;Brazil;2;1;Sweden;" "
1990;1990-06-10 00:00:00.000;" 21:00 ";Group D;Giuseppe Meazza;"Milan ";Italy;Germany FR;4;1;Yugoslavia;" "
1990;1990-06-11 00:00:00.000;" 17:00 ";Group C;Luigi Ferraris;"Genoa ";Italy;Costa Rica;1;0;Scotland;" "
1990;1990-06-11 00:00:00.000;" 21:00 ";Group F;Sant Elia;"Cagliari ";Italy;England;1;1;Republic of Ireland;" "
1990;1990-06-12 00:00:00.000;" 17:00 ";Group E;Marc Antonio Bentegodi;"Verona ";Italy;Belgium;2;0;Korea Republic;" "
1990;1990-06-12 00:00:00.000;" 21:00 ";Group F;Della Favorita;"Palermo ";Italy;Netherlands;1;1;Egypt;" "
1990;1990-06-13 00:00:00.000;" 17:00 ";Group E;Dacia Arena;"Udine ";Italy;Uruguay;0;0;Spain;" "
1990;1990-06-13 00:00:00.000;" 21:00 ";Group B;San Paolo;"Naples ";Italy;Argentina;2;0;Soviet Union;" "
1990;1990-06-14 00:00:00.000;" 17:00 ";Group B;Stadio San Nicola;"Bari ";Italy;Cameroon;2;1;Romania;" "
1990;1990-06-14 00:00:00.000;" 17:00 ";Group D;Renato Dall Ara;"Bologna ";Italy;Yugoslavia;1;0;Colombia;" "
1990;1990-06-14 00:00:00.000;" 21:00 ";Group A;Stadio Olimpico;"Rome ";Italy;Italy;1;0;USA;" "
1990;1990-06-15 00:00:00.000;" 17:00 ";Group A;Comunale;"Florence ";Italy;Austria;0;1;Czechoslovakia;" "
1990;1990-06-15 00:00:00.000;" 21:00 ";Group D;Giuseppe Meazza;"Milan ";Italy;Germany FR;5;1;United Arab Emirates;" "
1990;1990-06-16 00:00:00.000;" 17:00 ";Group C;Stadio delle Alpi;"Turin ";Italy;Brazil;1;0;Costa Rica;" "
1990;1990-06-16 00:00:00.000;" 21:00 ";Group C;Luigi Ferraris;"Genoa ";Italy;Sweden;1;2;Scotland;" "
1990;1990-06-16 00:00:00.000;" 21:00 ";Group F;Sant Elia;"Cagliari ";Italy;England;0;0;Netherlands;" "
1990;1990-06-17 00:00:00.000;" 17:00 ";Group F;Della Favorita;"Palermo ";Italy;Republic of Ireland;0;0;Egypt;" "
1990;1990-06-17 00:00:00.000;" 21:00 ";Group E;Dacia Arena;"Udine ";Italy;Korea Republic;1;3;Spain;" "
1990;1990-06-17 00:00:00.000;" 21:00 ";Group E;Marc Antonio Bentegodi;"Verona ";Italy;Belgium;3;1;Uruguay;" "
1990;1990-06-18 00:00:00.000;" 21:00 ";Group B;San Paolo;"Naples ";Italy;Argentina;1;1;Romania;" "
1990;1990-06-18 00:00:00.000;" 21:00 ";Group B;Stadio San Nicola;"Bari ";Italy;Cameroon;0;4;Soviet Union;" "
1990;1990-06-19 00:00:00.000;" 17:00 ";Group D;Giuseppe Meazza;"Milan ";Italy;Germany FR;1;1;Colombia;" "
1990;1990-06-19 00:00:00.000;" 17:00 ";Group D;Renato Dall Ara;"Bologna ";Italy;Yugoslavia;4;1;United Arab Emirates;" "
1990;1990-06-19 00:00:00.000;" 21:00 ";Group A;Stadio Olimpico;"Rome ";Italy;Italy;2;0;Czechoslovakia;" "
1990;1990-06-19 00:00:00.000;" 21:00 ";Group A;Comunale;"Florence ";Italy;Austria;2;1;USA;" "
1990;1990-06-20 00:00:00.000;" 21:00 ";Group C;Stadio delle Alpi;"Turin ";Italy;Brazil;1;0;Scotland;" "
1990;1990-06-20 00:00:00.000;" 21:00 ";Group C;Luigi Ferraris;"Genoa ";Italy;Sweden;1;2;Costa Rica;" "
1990;1990-06-21 00:00:00.000;" 17:00 ";Group E;Friuli;"Udine ";Italy;Korea Republic;0;1;Uruguay;" "
1990;1990-06-21 00:00:00.000;" 17:00 ";Group E;Marc Antonio Bentegodi;"Verona ";Italy;Belgium;1;2;Spain;" "
1990;1990-06-21 00:00:00.000;" 21:00 ";Group F;Della Favorita;"Palermo ";Italy;Republic of Ireland;1;1;Netherlands;" "
1990;1990-06-21 00:00:00.000;" 21:00 ";Group F;Sant Elia;"Cagliari ";Italy;England;1;0;Egypt;" "
1990;1990-06-23 00:00:00.000;" 17:00 ";Round of 16;San Paolo;"Naples ";Italy;Cameroon;2;1;Colombia;"Cameroon win after extra time "
1990;1990-06-23 00:00:00.000;" 21:00 ";Round of 16;Stadio San Nicola;"Bari ";Italy;Czechoslovakia;4;1;Costa Rica;" "
1990;1990-06-24 00:00:00.000;" 17:00 ";Round of 16;Stadio delle Alpi;"Turin ";Italy;Brazil;0;1;Argentina;" "
1990;1990-06-24 00:00:00.000;" 21:00 ";Round of 16;Giuseppe Meazza;"Milan ";Italy;Germany FR;2;1;Netherlands;" "
1990;1990-06-25 00:00:00.000;" 17:00 ";Round of 16;Luigi Ferraris;"Genoa ";Italy;Republic of Ireland;0;0;Romania;"Republic of Ireland win on penalties (5 - 4) "
1990;1990-06-25 00:00:00.000;" 21:00 ";Round of 16;Stadio Olimpico;"Rome ";Italy;Italy;2;0;Uruguay;" "
1990;1990-06-26 00:00:00.000;" 17:00 ";Round of 16;Marc Antonio Bentegodi;"Verona ";Italy;Spain;1;2;Yugoslavia;"Yugoslavia win after extra time "
1990;1990-06-26 00:00:00.000;" 21:00 ";Round of 16;Renato Dall Ara;"Bologna ";Italy;England;1;0;Belgium;"England win after extra time "
1990;1990-06-30 00:00:00.000;" 17:00 ";Quarter-finals;Comunale;"Florence ";Italy;Yugoslavia;0;0;Argentina;" win on penalties (2 - 3) "
1990;1990-06-30 00:00:00.000;" 21:00 ";Quarter-finals;Stadio Olimpico;"Rome ";Italy;Italy;1;0;Republic of Ireland;" "
1990;1990-07-01 00:00:00.000;" 17:00 ";Quarter-finals;Giuseppe Meazza;"Milan ";Italy;Germany FR;1;0;Czechoslovakia;" "
1990;1990-07-01 00:00:00.000;" 21:00 ";Quarter-finals;San Paolo;"Naples ";Italy;England;3;2;Cameroon;"England win after extra time "
1990;1990-07-03 00:00:00.000;" 20:00 ";Semi-finals;San Paolo;"Naples ";Italy;Italy;1;1;Argentina;" win on penalties (3 - 4) "
1990;1990-07-04 00:00:00.000;" 20:00 ";Semi-finals;Stadio delle Alpi;"Turin ";Italy;Germany FR;1;1;England;" win on penalties (4 - 3) "
1990;1990-07-07 00:00:00.000;" 20:00 ";Match for third place;Stadio San Nicola;"Bari ";Italy;Italy;2;1;England;" "
1990;1990-07-08 00:00:00.000;" 20:00 ";Final;Stadio Olimpico;"Rome ";Italy;Germany FR;1;0;Argentina;" "
1994;1994-06-17 00:00:00.000;" 19:30 ";Group C;Cotton Bowl;"Dallas ";USA;Spain;2;2;Korea Republic;" "
1994;1994-06-17 00:00:00.000;" 15:00 ";Group C;Soldier Field;"Chicago ";USA;Germany;1;0;Bolivia;" "
1994;1994-06-18 00:00:00.000;" 11:30 ";Group A;Pontiac Silverdome;"Detroit ";USA;USA;1;1;Switzerland;" "
1994;1994-06-18 00:00:00.000;" 16:00 ";Group E;Giants Stadium;"New York/New Jersey ";USA;Italy;0;1;Republic of Ireland;" "
1994;1994-06-18 00:00:00.000;" 19:30 ";Group A;Rose Bowl;"Los Angeles ";USA;Colombia;1;3;Romania;" "
1994;1994-06-19 00:00:00.000;" 12:30 ";Group F;Citrus Bowl;"Orlando ";USA;Belgium;1;0;Morocco;" "
1994;1994-06-19 00:00:00.000;" 16:00 ";Group E;RFK Stadium;"Washington Dc ";USA;Norway;1;0;Mexico;" "
1994;1994-06-19 00:00:00.000;" 19:30 ";Group B;Rose Bowl;"Los Angeles ";USA;Cameroon;2;2;Sweden;" "
1994;1994-06-20 00:00:00.000;" 19:30 ";Group F;RFK Stadium;"Washington Dc ";USA;Netherlands;2;1;Saudi Arabia;" "
1994;1994-06-20 00:00:00.000;" 16:00 ";Group B;Stanford Stadium;"San Francisco ";USA;Brazil;2;0;Russia;" "
1994;1994-06-21 00:00:00.000;" 12:30 ";Group D;Foxboro Stadium;"Boston ";USA;Argentina;4;0;Greece;" "
1994;1994-06-21 00:00:00.000;" 19:30 ";Group D;Cotton Bowl;"Dallas ";USA;Nigeria;3;0;Bulgaria;" "
1994;1994-06-21 00:00:00.000;" 16:00 ";Group C;Soldier Field;"Chicago ";USA;Germany;1;1;Spain;" "
1994;1994-06-22 00:00:00.000;" 16:00 ";Group A;Pontiac Silverdome;"Detroit ";USA;Romania;1;4;Switzerland;" "
1994;1994-06-22 00:00:00.000;" 19:30 ";Group A;Rose Bowl;"Los Angeles ";USA;USA;2;1;Colombia;" "
1994;1994-06-23 00:00:00.000;" 16:00 ";Group E;Giants Stadium;"New York/New Jersey ";USA;Italy;1;0;Norway;" "
1994;1994-06-23 00:00:00.000;" 19:30 ";Group C;Foxboro Stadium;"Boston ";USA;Korea Republic;0;0;Bolivia;" "
1994;1994-06-24 00:00:00.000;" 12:30 ";Group E;Citrus Bowl;"Orlando ";USA;Mexico;2;1;Republic of Ireland;" "
1994;1994-06-24 00:00:00.000;" 19:30 ";Group B;Pontiac Silverdome;"Detroit ";USA;Sweden;3;1;Russia;" "
1994;1994-06-24 00:00:00.000;" 16:00 ";Group B;Stanford Stadium;"San Francisco ";USA;Brazil;3;0;Cameroon;" "
1994;1994-06-25 00:00:00.000;" 12:30 ";Group F;Citrus Bowl;"Orlando ";USA;Belgium;1;0;Netherlands;" "
1994;1994-06-25 00:00:00.000;" 12:30 ";Group F;Giants Stadium;"New York/New Jersey ";USA;Saudi Arabia;2;1;Morocco;" "
1994;1994-06-25 00:00:00.000;" 16:00 ";Group D;Foxboro Stadium;"Boston ";USA;Argentina;2;1;Nigeria;" "
1994;1994-06-26 00:00:00.000;" 12:30 ";Group D;Soldier Field;"Chicago ";USA;Bulgaria;4;0;Greece;" "
1994;1994-06-26 00:00:00.000;" 16:00 ";Group A;Rose Bowl;"Los Angeles ";USA;USA;0;1;Romania;" "
1994;1994-06-26 00:00:00.000;" 16:00 ";Group A;Stanford Stadium;"San Francisco ";USA;Switzerland;0;2;Colombia;" "
1994;1994-06-27 00:00:00.000;" 16:00 ";Group C;Cotton Bowl;"Dallas ";USA;Germany;3;2;Korea Republic;" "
1994;1994-06-27 00:00:00.000;" 16:00 ";Group C;Soldier Field;"Chicago ";USA;Bolivia;1;3;Spain;" "
1994;1994-06-28 00:00:00.000;" 12:30 ";Group E;Giants Stadium;"New York/New Jersey ";USA;Republic of Ireland;0;0;Norway;" "
1994;1994-06-28 00:00:00.000;" 16:00 ";Group B;Pontiac Silverdome;"Detroit ";USA;Brazil;1;1;Sweden;" "
1994;1994-06-28 00:00:00.000;" 12:30 ";Group E;RFK Stadium;"Washington Dc ";USA;Italy;1;1;Mexico;" "
1994;1994-06-28 00:00:00.000;" 16:00 ";Group B;Stanford Stadium;"San Francisco ";USA;Russia;6;1;Cameroon;" "
1994;1994-06-29 00:00:00.000;" 12:30 ";Group F;Citrus Bowl;"Orlando ";USA;Morocco;1;2;Netherlands;" "
1994;1994-06-29 00:00:00.000;" 12:30 ";Group F;RFK Stadium;"Washington Dc ";USA;Belgium;0;1;Saudi Arabia;" "
1994;1994-06-30 00:00:00.000;" 19:30 ";Group D;Foxboro Stadium;"Boston ";USA;Greece;0;2;Nigeria;" "
1994;1994-06-30 00:00:00.000;" 19:30 ";Group D;Cotton Bowl;"Dallas ";USA;Argentina;0;2;Bulgaria;" "
1994;1994-07-02 00:00:00.000;" 12:00 ";Round of 16;Soldier Field;"Chicago ";USA;Germany;3;2;Belgium;" "
1994;1994-07-02 00:00:00.000;" 16:30 ";Round of 16;RFK Stadium;"Washington Dc ";USA;Spain;3;0;Switzerland;" "
1994;1994-07-03 00:00:00.000;" 12:00 ";Round of 16;Cotton Bowl;"Dallas ";USA;Saudi Arabia;1;3;Sweden;" "
1994;1994-07-03 00:00:00.000;" 13:30 ";Round of 16;Rose Bowl;"Los Angeles ";USA;Romania;3;2;Argentina;" "
1994;1994-07-04 00:00:00.000;" 12:00 ";Round of 16;Citrus Bowl;"Orlando ";USA;Netherlands;2;0;Republic of Ireland;" "
1994;1994-07-04 00:00:00.000;" 12:30 ";Round of 16;Stanford Stadium;"San Francisco ";USA;Brazil;1;0;USA;" "
1994;1994-07-05 00:00:00.000;" 13:00 ";Round of 16;Foxboro Stadium;"Boston ";USA;Nigeria;1;2;Italy;"Italy win after extra time "
1994;1994-07-05 00:00:00.000;" 16:30 ";Round of 16;Giants Stadium;"New York/New Jersey ";USA;Mexico;1;1;Bulgaria;"Bulgaria win on penalties (1 - 3) "
1994;1994-07-09 00:00:00.000;" 12:00 ";Quarter-finals;Foxboro Stadium;"Boston ";USA;Italy;2;1;Spain;" "
1994;1994-07-09 00:00:00.000;" 14:30 ";Quarter-finals;Cotton Bowl;"Dallas ";USA;Netherlands;2;3;Brazil;" "
1994;1994-07-10 00:00:00.000;" 12:00 ";Quarter-finals;Giants Stadium;"New York/New Jersey ";USA;Bulgaria;2;1;Germany;" "
1994;1994-07-10 00:00:00.000;" 12:30 ";Quarter-finals;Stanford Stadium;"San Francisco ";USA;Romania;2;2;Sweden;"Sweden win on penalties (4 - 5) "
1994;1994-07-13 00:00:00.000;" 16:00 ";Semi-finals;Giants Stadium;"New York/New Jersey ";USA;Bulgaria;1;2;Italy;" "
1994;1994-07-13 00:00:00.000;" 16:30 ";Semi-finals;Rose Bowl;"Los Angeles ";USA;Sweden;0;1;Brazil;" "
1994;1994-07-16 00:00:00.000;" 12:30 ";Match for third place;Rose Bowl;"Los Angeles ";USA;Sweden;4;0;Bulgaria;" "
1994;1994-07-17 00:00:00.000;" 12:30 ";Final;Rose Bowl;"Los Angeles ";USA;Brazil;0;0;Italy;"Brazil win on penalties (3 - 2) "
1998;1998-06-10 00:00:00.000;" 17:30 ";Group A;Stade de France;"Saint-Denis ";France;Brazil;2;1;Scotland;" "
1998;1998-06-10 00:00:00.000;" 21:00 ";Group A;La Mosson;"Montpellier ";France;Morocco;2;2;Norway;" "
1998;1998-06-11 00:00:00.000;" 17:30 ";Group B;Stade du Parc Lescure;"Bordeaux ";France;Italy;2;2;Chile;" "
1998;1998-06-11 00:00:00.000;" 21:00 ";Group B;Stade Municipal;"Toulouse ";France;Cameroon;1;1;Austria;" "
1998;1998-06-12 00:00:00.000;" 14:30 ";Group D;La Mosson;"Montpellier ";France;Paraguay;0;0;Bulgaria;" "
1998;1998-06-12 00:00:00.000;" 17:30 ";Group C;Stade Felix Bollaert;"Lens ";France;Saudi Arabia;0;1;Denmark;" "
1998;1998-06-12 00:00:00.000;" 21:00 ";Group C;Stade Vï¿½lodrome;"Marseilles ";France;France;3;0;South Africa;" "
1998;1998-06-13 00:00:00.000;" 14:30 ";Group D;La Beaujoire;"Nantes ";France;Spain;2;3;Nigeria;" "
1998;1998-06-13 00:00:00.000;" 17:30 ";Group E;Stade de Gerland;"Lyon ";France;Korea Republic;1;3;Mexico;" "
1998;1998-06-13 00:00:00.000;" 21:00 ";Group E;Stade de France;"Saint-Denis ";France;Netherlands;0;0;Belgium;" "
1998;1998-06-14 00:00:00.000;" 14:30 ";Group H;Stade Municipal;"Toulouse ";France;Argentina;1;0;Japan;" "
1998;1998-06-14 00:00:00.000;" 17:30 ";Group F;Stade Geoffroy Guichard;"Saint-Etienne ";France;Yugoslavia;1;0;Iran;" "
1998;1998-06-14 00:00:00.000;" 21:00 ";Group H;Stade Felix Bollaert;"Lens ";France;Jamaica;1;3;Croatia;" "
1998;1998-06-15 00:00:00.000;" 14:30 ";Group G;Stade Vï¿½lodrome;"Marseilles ";France;England;2;0;Tunisia;" "
1998;1998-06-15 00:00:00.000;" 17:30 ";Group G;Stade de Gerland;"Lyon ";France;Romania;1;0;Colombia;" "
1998;1998-06-15 00:00:00.000;" 21:00 ";Group F;Parc des Princes;"Paris ";France;Germany;2;0;USA;" "
1998;1998-06-16 00:00:00.000;" 17:30 ";Group A;Stade du Parc Lescure;"Bordeaux ";France;Scotland;1;1;Norway;" "
1998;1998-06-16 00:00:00.000;" 21:00 ";Group A;La Beaujoire;"Nantes ";France;Brazil;3;0;Morocco;" "
1998;1998-06-17 00:00:00.000;" 17:30 ";Group B;Stade Geoffroy Guichard;"Saint-Etienne ";France;Chile;1;1;Austria;" "
1998;1998-06-17 00:00:00.000;" 21:00 ";Group B;La Mosson;"Montpellier ";France;Italy;3;0;Cameroon;" "
1998;1998-06-18 00:00:00.000;" 17:30 ";Group C;Stade Municipal;"Toulouse ";France;South Africa;1;1;Denmark;" "
1998;1998-06-18 00:00:00.000;" 21:00 ";Group C;Stade de France;"Saint-Denis ";France;France;4;0;Saudi Arabia;" "
1998;1998-06-19 00:00:00.000;" 17:30 ";Group D;Parc des Princes;"Paris ";France;Nigeria;1;0;Bulgaria;" "
1998;1998-06-19 00:00:00.000;" 21:00 ";Group D;Stade Geoffroy Guichard;"Saint-Etienne ";France;Spain;0;0;Paraguay;" "
1998;1998-06-20 00:00:00.000;" 14:30 ";Group H;La Beaujoire;"Nantes ";France;Japan;0;1;Croatia;" "
1998;1998-06-20 00:00:00.000;" 17:30 ";Group E;Stade du Parc Lescure;"Bordeaux ";France;Belgium;2;2;Mexico;" "
1998;1998-06-20 00:00:00.000;" 21:00 ";Group E;Stade Vï¿½lodrome;"Marseilles ";France;Netherlands;5;0;Korea Republic;" "
1998;1998-06-21 00:00:00.000;" 14:30 ";Group F;Stade Felix Bollaert;"Lens ";France;Germany;2;2;Yugoslavia;" "
1998;1998-06-21 00:00:00.000;" 17:30 ";Group H;Parc des Princes;"Paris ";France;Argentina;5;0;Jamaica;" "
1998;1998-06-21 00:00:00.000;" 21:00 ";Group F;Stade de Gerland;"Lyon ";France;USA;1;2;Iran;" "
1998;1998-06-22 00:00:00.000;" 17:30 ";Group G;La Mosson;"Montpellier ";France;Colombia;1;0;Tunisia;" "
1998;1998-06-22 00:00:00.000;" 21:00 ";Group G;Stade Municipal;"Toulouse ";France;Romania;2;1;England;" "
1998;1998-06-23 00:00:00.000;" 16:00 ";Group B;Stade de France;"Saint-Denis ";France;Italy;2;1;Austria;" "
1998;1998-06-23 00:00:00.000;" 16:00 ";Group B;La Beaujoire;"Nantes ";France;Chile;1;1;Cameroon;" "
1998;1998-06-23 00:00:00.000;" 21:00 ";Group A;Stade Geoffroy Guichard;"Saint-Etienne ";France;Scotland;0;3;Morocco;" "
1998;1998-06-23 00:00:00.000;" 21:00 ";Group A;Stade Vï¿½lodrome;"Marseilles ";France;Brazil;1;2;Norway;" "
1998;1998-06-24 00:00:00.000;" 16:00 ";Group C;Stade de Gerland;"Lyon ";France;France;2;1;Denmark;" "
1998;1998-06-24 00:00:00.000;" 16:00 ";Group C;Stade du Parc Lescure;"Bordeaux ";France;South Africa;2;2;Saudi Arabia;" "
1998;1998-06-24 00:00:00.000;" 21:00 ";Group D;Stade Felix Bollaert;"Lens ";France;Spain;6;1;Bulgaria;" "
1998;1998-06-24 00:00:00.000;" 21:00 ";Group D;Stade Municipal;"Toulouse ";France;Nigeria;1;3;Paraguay;" "
1998;1998-06-25 00:00:00.000;" 16:00 ";Group E;Parc des Princes;"Paris ";France;Belgium;1;1;Korea Republic;" "
1998;1998-06-25 00:00:00.000;" 16:00 ";Group E;Stade Geoffroy Guichard;"Saint-Etienne ";France;Netherlands;2;2;Mexico;" "
1998;1998-06-25 00:00:00.000;" 21:00 ";Group F;La Mosson;"Montpellier ";France;Germany;2;0;Iran;" "
1998;1998-06-25 00:00:00.000;" 21:00 ";Group F;La Beaujoire;"Nantes ";France;USA;0;1;Yugoslavia;" "
1998;1998-06-26 00:00:00.000;" 16:00 ";Group H;Stade de Gerland;"Lyon ";France;Japan;1;2;Jamaica;" "
1998;1998-06-26 00:00:00.000;" 16:00 ";Group H;Stade du Parc Lescure;"Bordeaux ";France;Argentina;1;0;Croatia;" "
1998;1998-06-26 00:00:00.000;" 21:00 ";Group G;Stade de France;"Saint-Denis ";France;Romania;1;1;Tunisia;" "
1998;1998-06-26 00:00:00.000;" 21:00 ";Group G;Stade Felix Bollaert;"Lens ";France;Colombia;0;2;England;" "
1998;1998-06-27 00:00:00.000;" 16:30 ";Round of 16;Stade Vï¿½lodrome;"Marseilles ";France;Italy;1;0;Norway;" "
1998;1998-06-27 00:00:00.000;" 21:00 ";Round of 16;Parc des Princes;"Paris ";France;Brazil;4;1;Chile;" "
1998;1998-06-28 00:00:00.000;" 16:30 ";Round of 16;Stade Felix Bollaert;"Lens ";France;France;1;0;Paraguay;"France win after extra time "
1998;1998-06-28 00:00:00.000;" 21:00 ";Round of 16;Stade de France;"Saint-Denis ";France;Nigeria;1;4;Denmark;" "
1998;1998-06-29 00:00:00.000;" 16:30 ";Round of 16;La Mosson;"Montpellier ";France;Germany;2;1;Mexico;" "
1998;1998-06-29 00:00:00.000;" 21:00 ";Round of 16;Stade Municipal;"Toulouse ";France;Netherlands;2;1;Yugoslavia;" "
1998;1998-06-30 00:00:00.000;" 16:30 ";Round of 16;Stade du Parc Lescure;"Bordeaux ";France;Romania;0;1;Croatia;" "
1998;1998-06-30 00:00:00.000;" 21:00 ";Round of 16;Stade Geoffroy Guichard;"Saint-Etienne ";France;Argentina;2;2;England;"Argentina win on penalties (4 - 3) "
1998;1998-07-03 00:00:00.000;" 16:30 ";Quarter-finals;Stade de France;"Saint-Denis ";France;Italy;0;0;France;"France win on penalties (3 - 4) "
1998;1998-07-03 00:00:00.000;" 21:00 ";Quarter-finals;La Beaujoire;"Nantes ";France;Brazil;3;2;Denmark;" "
1998;1998-07-04 00:00:00.000;" 16:30 ";Quarter-finals;Stade Vï¿½lodrome;"Marseilles ";France;Netherlands;2;1;Argentina;" "
1998;1998-07-04 00:00:00.000;" 21:00 ";Quarter-finals;Stade de Gerland;"Lyon ";France;Germany;0;3;Croatia;" "
1998;1998-07-07 00:00:00.000;" 21:00 ";Semi-finals;Stade Vï¿½lodrome;"Marseilles ";France;Brazil;1;1;Netherlands;"Brazil win on penalties (4 - 2) "
1998;1998-07-08 00:00:00.000;" 21:00 ";Semi-finals;Stade de France;"Saint-Denis ";France;France;2;1;Croatia;" "
1998;1998-07-11 00:00:00.000;" 21:00 ";Match for third place;Parc des Princes;"Paris ";France;Netherlands;1;2;Croatia;" "
1998;1998-07-12 00:00:00.000;" 21:00 ";Final;Stade de France;"Saint-Denis ";France;Brazil;0;3;France;" "
2002;2002-05-31 00:00:00.000;" 20:30 ";Group A;Seoul World Cup Stadium;"Seoul ";Korea/Japan;France;0;1;Senegal;" "
2002;2002-06-01 00:00:00.000;" 18:00 ";Group A;Munsu Football Stadium;"Ulsan ";Korea/Japan;Uruguay;1;2;Denmark;" "
2002;2002-06-01 00:00:00.000;" 15:30 ";Group E;Niigata Stadium Big Swan;"Niigata ";Korea/Japan;Republic of Ireland;1;1;Cameroon;" "
2002;2002-06-01 00:00:00.000;" 20:30 ";Group E;Sapporo Dome;"Sapporo ";Korea/Japan;Germany;8;0;Saudi Arabia;" "
2002;2002-06-02 00:00:00.000;" 14:30 ";Group F;Kashima Stadium;"Ibaraki ";Korea/Japan;Argentina;1;0;Nigeria;" "
2002;2002-06-02 00:00:00.000;" 16:30 ";Group B;Busan Asiad Main Stadium;"Busan ";Korea/Japan;Paraguay;2;2;South Africa;" "
2002;2002-06-02 00:00:00.000;" 18:30 ";Group F;Saitama Stadium 2002;"Saitama ";Korea/Japan;England;1;1;Sweden;" "
2002;2002-06-02 00:00:00.000;" 20:30 ";Group B;Gwangju World Cup Stadium;"Gwangju ";Korea/Japan;Spain;3;1;Slovenia;" "
2002;2002-06-03 00:00:00.000;" 18:00 ";Group C;Munsu Football Stadium;"Ulsan ";Korea/Japan;Brazil;2;1;Turkey;" "
2002;2002-06-03 00:00:00.000;" 20:30 ";Group G;Sapporo Dome;"Sapporo ";Korea/Japan;Italy;2;0;Ecuador;" "
2002;2002-06-03 00:00:00.000;" 15:30 ";Group G;Niigata Stadium Big Swan;"Niigata ";Korea/Japan;Croatia;0;1;Mexico;" "
2002;2002-06-04 00:00:00.000;" 15:30 ";Group C;Gwangju World Cup Stadium;"Gwangju ";Korea/Japan;China PR;0;2;Costa Rica;" "
2002;2002-06-04 00:00:00.000;" 18:00 ";Group H;Saitama Stadium 2002;"Saitama ";Korea/Japan;Japan;2;2;Belgium;" "
2002;2002-06-04 00:00:00.000;" 20:30 ";Group D;Busan Asiad Main Stadium;"Busan ";Korea/Japan;Korea Republic;2;0;Poland;" "
2002;2002-06-05 00:00:00.000;" 15:30 ";Group H;Kobe Wing Stadium;"Kobe ";Korea/Japan;Russia;2;0;Tunisia;" "
2002;2002-06-05 00:00:00.000;" 18:00 ";Group D;Suwon World Cup Stadium;"Suwon ";Korea/Japan;USA;3;2;Portugal;" "
2002;2002-06-05 00:00:00.000;" 20:30 ";Group E;Kashima Stadium;"Ibaraki ";Korea/Japan;Germany;1;1;Republic of Ireland;" "
2002;2002-06-06 00:00:00.000;" 15:30 ";Group A;Daegu World Cup Stadium;"Daegu ";Korea/Japan;Denmark;1;1;Senegal;" "
2002;2002-06-06 00:00:00.000;" 18:00 ";Group E;Saitama Stadium 2002;"Saitama ";Korea/Japan;Cameroon;1;0;Saudi Arabia;" "
2002;2002-06-06 00:00:00.000;" 20:30 ";Group A;Busan Asiad Main Stadium;"Busan ";Korea/Japan;France;0;0;Uruguay;" "
2002;2002-06-07 00:00:00.000;" 15:30 ";Group F;Kobe Wing Stadium;"Kobe ";Korea/Japan;Sweden;2;1;Nigeria;" "
2002;2002-06-07 00:00:00.000;" 20:30 ";Group F;Sapporo Dome;"Sapporo ";Korea/Japan;Argentina;0;1;England;" "
2002;2002-06-07 00:00:00.000;" 18:00 ";Group B;Jeonju World Cup Stadium;"Jeonju ";Korea/Japan;Spain;3;1;Paraguay;" "
2002;2002-06-08 00:00:00.000;" 15:30 ";Group B;Daegu World Cup Stadium;"Daegu ";Korea/Japan;South Africa;1;0;Slovenia;" "
2002;2002-06-08 00:00:00.000;" 20:30 ";Group C;Jeju World Cup Stadium;"Jeju ";Korea/Japan;Brazil;4;0;China PR;" "
2002;2002-06-08 00:00:00.000;" 18:00 ";Group G;Kashima Stadium;"Ibaraki ";Korea/Japan;Italy;1;2;Croatia;" "
2002;2002-06-09 00:00:00.000;" 18:00 ";Group C;Incheon Football Stadium;"Incheon ";Korea/Japan;Costa Rica;1;1;Turkey;" "
2002;2002-06-09 00:00:00.000;" 20:30 ";Group H;International Stadium Yokohama;"Yokohama ";Korea/Japan;Japan;1;0;Russia;" "
2002;2002-06-09 00:00:00.000;" 15:30 ";Group G;Miyagi Stadium;"Rifu ";Korea/Japan;Mexico;2;1;Ecuador;" "
2002;2002-06-10 00:00:00.000;" 15:30 ";Group D;Daegu World Cup Stadium;"Daegu ";Korea/Japan;Korea Republic;1;1;USA;" "
2002;2002-06-10 00:00:00.000;" 20:30 ";Group D;Jeonju World Cup Stadium;"Jeonju ";Korea/Japan;Portugal;4;0;Poland;" "
2002;2002-06-10 00:00:00.000;" 18:00 ";Group H;Oita Stadium Big Eye;"Oita ";Korea/Japan;Tunisia;1;1;Belgium;" "
2002;2002-06-11 00:00:00.000;" 15:30 ";Group A;Incheon Football Stadium;"Incheon ";Korea/Japan;Denmark;2;0;France;" "
2002;2002-06-11 00:00:00.000;" 15:30 ";Group A;Suwon World Cup Stadium;"Suwon ";Korea/Japan;Senegal;3;3;Uruguay;" "
2002;2002-06-11 00:00:00.000;" 20:30 ";Group E;International Stadium Yokohama;"Yokohama ";Korea/Japan;Saudi Arabia;0;3;Republic of Ireland;" "
2002;2002-06-11 00:00:00.000;" 20:30 ";Group E;Shizuoka Stadium Ecopa;"Shizuoka ";Korea/Japan;Cameroon;0;2;Germany;" "
2002;2002-06-12 00:00:00.000;" 15:30 ";Group F;Miyagi Stadium;"Rifu ";Korea/Japan;Sweden;1;1;Argentina;" "
2002;2002-06-12 00:00:00.000;" 15:30 ";Group F;Osaka Nagai Stadium;"Osaka ";Korea/Japan;Nigeria;0;0;England;" "
2002;2002-06-12 00:00:00.000;" 20:30 ";Group B;Jeju World Cup Stadium;"Jeju ";Korea/Japan;Slovenia;1;3;Paraguay;" "
2002;2002-06-12 00:00:00.000;" 20:30 ";Group B;Daejeon World Cup Stadium;"Daejeon ";Korea/Japan;South Africa;2;3;Spain;" "
2002;2002-06-13 00:00:00.000;" 15:30 ";Group C;Suwon World Cup Stadium;"Suwon ";Korea/Japan;Costa Rica;2;5;Brazil;" "
2002;2002-06-13 00:00:00.000;" 15:30 ";Group C;Seoul World Cup Stadium;"Seoul ";Korea/Japan;Turkey;3;0;China PR;" "
2002;2002-06-13 00:00:00.000;" 20:30 ";Group G;International Stadium Yokohama;"Yokohama ";Korea/Japan;Ecuador;1;0;Croatia;" "
2002;2002-06-13 00:00:00.000;" 20:30 ";Group G;Oita Stadium Big Eye;"Oita ";Korea/Japan;Mexico;1;1;Italy;" "
2002;2002-06-14 00:00:00.000;" 15:30 ";Group H;Osaka Nagai Stadium;"Osaka ";Korea/Japan;Tunisia;0;2;Japan;" "
2002;2002-06-14 00:00:00.000;" 20:30 ";Group D;Incheon Football Stadium;"Incheon ";Korea/Japan;Portugal;0;1;Korea Republic;" "
2002;2002-06-14 00:00:00.000;" 20:30 ";Group D;Daejeon World Cup Stadium;"Daejeon ";Korea/Japan;Poland;3;1;USA;" "
2002;2002-06-14 00:00:00.000;" 15:30 ";Group H;Shizuoka Stadium Ecopa;"Shizuoka ";Korea/Japan;Belgium;3;2;Russia;" "
2002;2002-06-15 00:00:00.000;" 20:30 ";Round of 16;Niigata Stadium Big Swan;"Niigata ";Korea/Japan;Denmark;0;3;England;" "
2002;2002-06-15 00:00:00.000;" 15:30 ";Round of 16;Jeju World Cup Stadium;"Jeju ";Korea/Japan;Germany;1;0;Paraguay;" "
2002;2002-06-16 00:00:00.000;" 20:30 ";Round of 16;Suwon World Cup Stadium;"Suwon ";Korea/Japan;Spain;1;1;Republic of Ireland;"Spain win on penalties (3 - 2) "
2002;2002-06-16 00:00:00.000;" 15:30 ";Round of 16;Oita Stadium Big Eye;"Oita ";Korea/Japan;Sweden;1;2;Senegal;"Win on Golden Goal "
2002;2002-06-17 00:00:00.000;" 20:30 ";Round of 16;Kobe Wing Stadium;"Kobe ";Korea/Japan;Brazil;2;0;Belgium;" "
2002;2002-06-17 00:00:00.000;" 15:30 ";Round of 16;Jeonju World Cup Stadium;"Jeonju ";Korea/Japan;Mexico;0;2;USA;" "
2002;2002-06-18 00:00:00.000;" 15:30 ";Round of 16;Miyagi Stadium;"Rifu ";Korea/Japan;Japan;0;1;Turkey;" "
2002;2002-06-18 00:00:00.000;" 20:30 ";Round of 16;Daejeon World Cup Stadium;"Daejeon ";Korea/Japan;Korea Republic;2;1;Italy;"Win on Golden Goal "
2002;2002-06-21 00:00:00.000;" 15:30 ";Quarter-finals;Shizuoka Stadium Ecopa;"Shizuoka ";Korea/Japan;England;1;2;Brazil;" "
2002;2002-06-21 00:00:00.000;" 20:30 ";Quarter-finals;Munsu Football Stadium;"Ulsan ";Korea/Japan;Germany;1;0;USA;" "
2002;2002-06-22 00:00:00.000;" 20:30 ";Quarter-finals;Osaka Nagai Stadium;"Osaka ";Korea/Japan;Senegal;0;1;Turkey;"Win on Golden Goal "
2002;2002-06-22 00:00:00.000;" 15:30 ";Quarter-finals;Gwangju World Cup Stadium;"Gwangju ";Korea/Japan;Spain;0;0;Korea Republic;"Korea Republic win on penalties (3 - 5) "
2002;2002-06-25 00:00:00.000;" 20:30 ";Semi-finals;Seoul World Cup Stadium;"Seoul ";Korea/Japan;Germany;1;0;Korea Republic;" "
2002;2002-06-26 00:00:00.000;" 20:30 ";Semi-finals;Saitama Stadium 2002;"Saitama ";Korea/Japan;Brazil;1;0;Turkey;" "
2002;2002-06-29 00:00:00.000;" 20:00 ";Third place;Daegu World Cup Stadium;"Daegu ";Korea/Japan;Korea Republic;2;3;Turkey;" "
2002;2002-06-30 00:00:00.000;" 20:00 ";Final;International Stadium Yokohama;"Yokohama ";Korea/Japan;Germany;0;2;Brazil;" "
2006;2006-06-09 00:00:00.000;" 18:00 ";Group A;FIFA World Cup Stadium, Munich;"Munich ";Germany;Germany;4;2;Costa Rica;" "
2006;2006-06-09 00:00:00.000;" 21:00 ";Group A;FIFA World Cup Stadium, Gelsenkirchen;"Gelsenkirchen ";Germany;Poland;0;2;Ecuador;" "
2006;2006-06-10 00:00:00.000;" 15:00 ";Group B;FIFA World Cup Stadium, Frankfurt;"Frankfurt/Main ";Germany;England;1;0;Paraguay;" "
2006;2006-06-10 00:00:00.000;" 18:00 ";Group B;FIFA World Cup Stadium, Dortmund;"Dortmund ";Germany;Trinidad and Tobago;0;0;Sweden;" "
2006;2006-06-10 00:00:00.000;" 21:00 ";Group C;FIFA World Cup Stadium, Hamburg;"Hamburg ";Germany;Argentina;2;1;Cï¿½te d'Ivoire;" "
2006;2006-06-11 00:00:00.000;" 15:00 ";Group C;Zentralstadion;"Leipzig ";Germany;Serbia and Montenegro;0;1;Netherlands;" "
2006;2006-06-11 00:00:00.000;" 18:00 ";Group D;Franken-Stadion;"Nuremberg ";Germany;Mexico;3;1;Iran;" "
2006;2006-06-11 00:00:00.000;" 21:00 ";Group D;FIFA World Cup Stadium, Cologne;"Cologne ";Germany;Angola;0;1;Portugal;" "
2006;2006-06-12 00:00:00.000;" 15:00 ";Group F;Fritz-Walter-Stadion;"Kaiserslautern ";Germany;Australia;3;1;Japan;" "
2006;2006-06-12 00:00:00.000;" 18:00 ";Group E;FIFA World Cup Stadium, Gelsenkirchen;"Gelsenkirchen ";Germany;USA;0;3;Czech Republic;" "
2006;2006-06-12 00:00:00.000;" 21:00 ";Group E;FIFA World Cup Stadium, Hanover;"Hanover ";Germany;Italy;2;0;Ghana;" "
2006;2006-06-13 00:00:00.000;" 15:00 ";Group G;FIFA World Cup Stadium, Frankfurt;"Frankfurt/Main ";Germany;Korea Republic;2;1;Togo;" "
2006;2006-06-13 00:00:00.000;" 18:00 ";Group G;Gottlieb-Daimler-Stadion;"Stuttgart ";Germany;France;0;0;Switzerland;" "
2006;2006-06-13 00:00:00.000;" 21:00 ";Group F;Olympiastadion;"Berlin ";Germany;Brazil;1;0;Croatia;" "
2006;2006-06-14 00:00:00.000;" 15:00 ";Group H;Zentralstadion;"Leipzig ";Germany;Spain;4;0;Ukraine;" "
2006;2006-06-14 00:00:00.000;" 18:00 ";Group H;FIFA World Cup Stadium, Munich;"Munich ";Germany;Tunisia;2;2;Saudi Arabia;" "
2006;2006-06-14 00:00:00.000;" 21:00 ";Group A;FIFA World Cup Stadium, Dortmund;"Dortmund ";Germany;Germany;1;0;Poland;" "
2006;2006-06-15 00:00:00.000;" 15:00 ";Group A;FIFA World Cup Stadium, Hamburg;"Hamburg ";Germany;Ecuador;3;0;Costa Rica;" "
2006;2006-06-15 00:00:00.000;" 18:00 ";Group B;Franken-Stadion;"Nuremberg ";Germany;England;2;0;Trinidad and Tobago;" "
2006;2006-06-15 00:00:00.000;" 21:00 ";Group B;Olympiastadion;"Berlin ";Germany;Sweden;1;0;Paraguay;" "
2006;2006-06-16 00:00:00.000;" 15:00 ";Group C;FIFA World Cup Stadium, Gelsenkirchen;"Gelsenkirchen ";Germany;Argentina;6;0;Serbia and Montenegro;" "
2006;2006-06-16 00:00:00.000;" 18:00 ";Group C;Gottlieb-Daimler-Stadion;"Stuttgart ";Germany;Netherlands;2;1;Cï¿½te d'Ivoire;" "
2006;2006-06-16 00:00:00.000;" 21:00 ";Group D;FIFA World Cup Stadium, Hanover;"Hanover ";Germany;Mexico;0;0;Angola;" "
2006;2006-06-17 00:00:00.000;" 15:00 ";Group D;FIFA World Cup Stadium, Frankfurt;"Frankfurt/Main ";Germany;Portugal;2;0;IR Iran;" "
2006;2006-06-17 00:00:00.000;" 18:00 ";Group E;FIFA World Cup Stadium, Cologne;"Cologne ";Germany;Czech Republic;0;2;Ghana;" "
2006;2006-06-17 00:00:00.000;" 21:00 ";Group E;Fritz-Walter-Stadion;"Kaiserslautern ";Germany;Italy;1;1;USA;" "
2006;2006-06-18 00:00:00.000;" 15:00 ";Group F;Franken-Stadion;"Nuremberg ";Germany;Japan;0;0;Croatia;" "
2006;2006-06-18 00:00:00.000;" 18:00 ";Group F;FIFA World Cup Stadium, Munich;"Munich ";Germany;Brazil;2;0;Australia;" "
2006;2006-06-18 00:00:00.000;" 21:00 ";Group G;Zentralstadion;"Leipzig ";Germany;France;1;1;Korea Republic;" "
2006;2006-06-19 00:00:00.000;" 15:00 ";Group G;FIFA World Cup Stadium, Dortmund;"Dortmund ";Germany;Togo;0;2;Switzerland;" "
2006;2006-06-19 00:00:00.000;" 18:00 ";Group H;FIFA World Cup Stadium, Hamburg;"Hamburg ";Germany;Saudi Arabia;0;4;Ukraine;" "
2006;2006-06-19 00:00:00.000;" 21:00 ";Group H;Gottlieb-Daimler-Stadion;"Stuttgart ";Germany;Spain;3;1;Tunisia;" "
2006;2006-06-20 00:00:00.000;" 16:00 ";Group A;Olympiastadion;"Berlin ";Germany;Ecuador;0;3;Germany;" "
2006;2006-06-20 00:00:00.000;" 16:00 ";Group A;FIFA World Cup Stadium, Hanover;"Hanover ";Germany;Costa Rica;1;2;Poland;" "
2006;2006-06-20 00:00:00.000;" 21:00 ";Group B;FIFA World Cup Stadium, Cologne;"Cologne ";Germany;Sweden;2;2;England;" "
2006;2006-06-20 00:00:00.000;" 21:00 ";Group B;Fritz-Walter-Stadion;"Kaiserslautern ";Germany;Paraguay;2;0;Trinidad and Tobago;" "
2006;2006-06-21 00:00:00.000;" 16:00 ";Group D;Zentralstadion;"Leipzig ";Germany;Iran;1;1;Angola;" "
2006;2006-06-21 00:00:00.000;" 16:00 ";Group D;FIFA World Cup Stadium, Gelsenkirchen;"Gelsenkirchen ";Germany;Portugal;2;1;Mexico;" "
2006;2006-06-21 00:00:00.000;" 21:00 ";Group C;FIFA World Cup Stadium, Frankfurt;"Frankfurt/Main ";Germany;Netherlands;0;0;Argentina;" "
2006;2006-06-21 00:00:00.000;" 21:00 ";Group C;FIFA World Cup Stadium, Munich;"Munich ";Germany;Cï¿½te d'Ivoire;3;2;Serbia and Montenegro;" "
2006;2006-06-22 00:00:00.000;" 16:00 ";Group E;FIFA World Cup Stadium, Hamburg;"Hamburg ";Germany;Czech Republic;0;2;Italy;" "
2006;2006-06-22 00:00:00.000;" 16:00 ";Group E;Franken-Stadion;"Nuremberg ";Germany;Ghana;2;1;USA;" "
2006;2006-06-22 00:00:00.000;" 21:00 ";Group F;FIFA World Cup Stadium, Dortmund;"Dortmund ";Germany;Japan;1;4;Brazil;" "
2006;2006-06-22 00:00:00.000;" 21:00 ";Group F;Gottlieb-Daimler-Stadion;"Stuttgart ";Germany;Croatia;2;2;Australia;" "
2006;2006-06-23 00:00:00.000;" 16:00 ";Group H;Olympiastadion;"Berlin ";Germany;Ukraine;1;0;Tunisia;" "
2006;2006-06-23 00:00:00.000;" 16:00 ";Group H;Fritz-Walter-Stadion;"Kaiserslautern ";Germany;Saudi Arabia;0;1;Spain;" "
2006;2006-06-23 00:00:00.000;" 21:00 ";Group G;FIFA World Cup Stadium, Cologne;"Cologne ";Germany;Togo;0;2;France;" "
2006;2006-06-23 00:00:00.000;" 21:00 ";Group G;FIFA World Cup Stadium, Hanover;"Hanover ";Germany;Switzerland;2;0;Korea Republic;" "
2006;2006-06-24 00:00:00.000;" 17:00 ";Round of 16;FIFA World Cup Stadium, Munich;"Munich ";Germany;Germany;2;0;Sweden;" "
2006;2006-06-24 00:00:00.000;" 21:00 ";Round of 16;Zentralstadion;"Leipzig ";Germany;Argentina;2;1;Mexico;"Argentina win after extra time "
2006;2006-06-25 00:00:00.000;" 17:00 ";Round of 16;Gottlieb-Daimler-Stadion;"Stuttgart ";Germany;England;1;0;Ecuador;" "
2006;2006-06-25 00:00:00.000;" 21:00 ";Round of 16;Franken-Stadion;"Nuremberg ";Germany;Portugal;1;0;Netherlands;" "
2006;2006-06-26 00:00:00.000;" 17:00 ";Round of 16;Fritz-Walter-Stadion;"Kaiserslautern ";Germany;Italy;1;0;Australia;" "
2006;2006-06-26 00:00:00.000;" 21:00 ";Round of 16;FIFA World Cup Stadium, Cologne;"Cologne ";Germany;Switzerland;0;0;Ukraine;"Ukraine win on penalties (0 - 3) "
2006;2006-06-27 00:00:00.000;" 17:00 ";Round of 16;FIFA World Cup Stadium, Dortmund;"Dortmund ";Germany;Brazil;3;0;Ghana;" "
2006;2006-06-27 00:00:00.000;" 21:00 ";Round of 16;FIFA World Cup Stadium, Hanover;"Hanover ";Germany;Spain;1;3;France;" "
2006;2006-06-30 00:00:00.000;" 17:00 ";Quarter-finals;Olympiastadion;"Berlin ";Germany;Germany;1;1;Argentina;"Germany win on penalties (4 - 2) "
2006;2006-06-30 00:00:00.000;" 21:00 ";Quarter-finals;FIFA World Cup Stadium, Hamburg;"Hamburg ";Germany;Italy;3;0;Ukraine;" "
2006;2006-07-01 00:00:00.000;" 17:00 ";Quarter-finals;FIFA World Cup Stadium, Gelsenkirchen;"Gelsenkirchen ";Germany;England;0;0;Portugal;"Portugal win on penalties (1 - 3) "
2006;2006-07-01 00:00:00.000;" 21:00 ";Quarter-finals;FIFA World Cup Stadium, Frankfurt;"Frankfurt/Main ";Germany;Brazil;0;1;France;" "
2006;2006-07-04 00:00:00.000;" 21:00 ";Semi-finals;FIFA World Cup Stadium, Dortmund;"Dortmund ";Germany;Germany;0;2;Italy;"Italy win after extra time "
2006;2006-07-05 00:00:00.000;" 21:00 ";Semi-finals;FIFA World Cup Stadium, Munich;"Munich ";Germany;Portugal;0;1;France;" "
2006;2006-07-08 00:00:00.000;" 21:00 ";Third place;Gottlieb-Daimler-Stadion;"Stuttgart ";Germany;Germany;3;1;Portugal;" "
2006;2006-07-09 00:00:00.000;" 20:00 ";Final;Olympiastadion;"Berlin ";Germany;Italy;1;1;France;"Italy win on penalties (5 - 3) "
2010;2010-06-11 00:00:00.000;" 16:00 ";Group A;Soccer City Stadium;"Johannesburg ";South Africa;South Africa;1;1;Mexico;" "
2010;2010-06-11 00:00:00.000;" 20:30 ";Group A;Cape Town Stadium;"Cape Town ";South Africa;Uruguay;0;0;France;" "
2010;2010-06-12 00:00:00.000;" 13:30 ";Group B;Port Elizabeth Stadium;"Nelson Mandela Bay/Port Elizabeth ";South Africa;Korea Republic;2;0;Greece;" "
2010;2010-06-12 00:00:00.000;" 16:00 ";Group B;Ellis Park Stadium;"Johannesburg ";South Africa;Argentina;1;0;Nigeria;" "
2010;2010-06-12 00:00:00.000;" 20:30 ";Group C;Royal Bafokeng Sports Palace;"Phokeng ";South Africa;England;1;1;USA;" "
2010;2010-06-13 00:00:00.000;" 13:30 ";Group C;Peter Mokaba Stadium;"Polokwane ";South Africa;Algeria;0;1;Slovenia;" "
2010;2010-06-13 00:00:00.000;" 16:00 ";Group D;Loftus Versfeld Stadium;"Tshwane/Pretoria ";South Africa;Serbia;0;1;Ghana;" "
2010;2010-06-13 00:00:00.000;" 20:30 ";Group D;Durban Stadium;"Durban ";South Africa;Germany;4;0;Australia;" "
2010;2010-06-14 00:00:00.000;" 13:30 ";Group E;Soccer City Stadium;"Johannesburg ";South Africa;Netherlands;2;0;Denmark;" "
2010;2010-06-14 00:00:00.000;" 16:00 ";Group E;Free State Stadium;"Mangaung/Bloemfontein ";South Africa;Japan;1;0;Cameroon;" "
2010;2010-06-14 00:00:00.000;" 20:30 ";Group F;Cape Town Stadium;"Cape Town ";South Africa;Italy;1;1;Paraguay;" "
2010;2010-06-15 00:00:00.000;" 13:30 ";Group F;Royal Bafokeng Sports Palace;"Phokeng ";South Africa;New Zealand;1;1;Slovakia;" "
2010;2010-06-15 00:00:00.000;" 16:00 ";Group G;Port Elizabeth Stadium;"Nelson Mandela Bay/Port Elizabeth ";South Africa;Cï¿½te d'Ivoire;0;0;Portugal;" "
2010;2010-06-15 00:00:00.000;" 20:30 ";Group G;Ellis Park Stadium;"Johannesburg ";South Africa;Brazil;2;1;Korea DPR;" "
2010;2010-06-16 00:00:00.000;" 13:30 ";Group H;Mbombela Stadium;"Nelspruit ";South Africa;Honduras;0;1;Chile;" "
2010;2010-06-16 00:00:00.000;" 16:00 ";Group H;Durban Stadium;"Durban ";South Africa;Spain;0;1;Switzerland;" "
2010;2010-06-16 00:00:00.000;" 20:30 ";Group A;Loftus Versfeld Stadium;"Tshwane/Pretoria ";South Africa;South Africa;0;3;Uruguay;" "
2010;2010-06-17 00:00:00.000;" 13:30 ";Group B;Soccer City Stadium;"Johannesburg ";South Africa;Argentina;4;1;Korea Republic;" "
2010;2010-06-17 00:00:00.000;" 16:00 ";Group B;Free State Stadium;"Mangaung/Bloemfontein ";South Africa;Greece;2;1;Nigeria;" "
2010;2010-06-17 00:00:00.000;" 20:30 ";Group A;Peter Mokaba Stadium;"Polokwane ";South Africa;France;0;2;Mexico;" "
2010;2010-06-18 00:00:00.000;" 13:30 ";Group D;Port Elizabeth Stadium;"Nelson Mandela Bay/Port Elizabeth ";South Africa;Germany;0;1;Serbia;" "
2010;2010-06-18 00:00:00.000;" 16:00 ";Group C;Ellis Park Stadium;"Johannesburg ";South Africa;Slovenia;2;2;USA;" "
2010;2010-06-18 00:00:00.000;" 20:30 ";Group C;Cape Town Stadium;"Cape Town ";South Africa;England;0;0;Algeria;" "
2010;2010-06-19 00:00:00.000;" 13:30 ";Group E;Durban Stadium;"Durban ";South Africa;Netherlands;1;0;Japan;" "
2010;2010-06-19 00:00:00.000;" 16:00 ";Group D;Royal Bafokeng Sports Palace;"Phokeng ";South Africa;Ghana;1;1;Australia;" "
2010;2010-06-19 00:00:00.000;" 20:30 ";Group E;Loftus Versfeld Stadium;"Tshwane/Pretoria ";South Africa;Cameroon;1;2;Denmark;" "
2010;2010-06-20 00:00:00.000;" 13:30 ";Group F;Free State Stadium;"Mangaung/Bloemfontein ";South Africa;Slovakia;0;2;Paraguay;" "
2010;2010-06-20 00:00:00.000;" 16:00 ";Group F;Mbombela Stadium;"Nelspruit ";South Africa;Italy;1;1;New Zealand;" "
2010;2010-06-20 00:00:00.000;" 20:30 ";Group G;Soccer City Stadium;"Johannesburg ";South Africa;Brazil;3;1;Cï¿½te d'Ivoire;" "
2010;2010-06-21 00:00:00.000;" 13:30 ";Group G;Cape Town Stadium;"Cape Town ";South Africa;Portugal;7;0;Korea DPR;" "
2010;2010-06-21 00:00:00.000;" 16:00 ";Group H;Port Elizabeth Stadium;"Nelson Mandela Bay/Port Elizabeth ";South Africa;Chile;1;0;Switzerland;" "
2010;2010-06-21 00:00:00.000;" 20:30 ";Group H;Ellis Park Stadium;"Johannesburg ";South Africa;Spain;2;0;Honduras;" "
2010;2010-06-22 00:00:00.000;" 16:00 ";Group A;Royal Bafokeng Sports Palace;"Phokeng ";South Africa;Mexico;0;1;Uruguay;" "
2010;2010-06-22 00:00:00.000;" 16:00 ";Group A;Free State Stadium;"Mangaung/Bloemfontein ";South Africa;France;1;2;South Africa;" "
2010;2010-06-22 00:00:00.000;" 20:30 ";Group B;Durban Stadium;"Durban ";South Africa;Nigeria;2;2;Korea Republic;" "
2010;2010-06-22 00:00:00.000;" 20:30 ";Group B;Peter Mokaba Stadium;"Polokwane ";South Africa;Greece;0;2;Argentina;" "
2010;2010-06-23 00:00:00.000;" 16:00 ";Group C;Port Elizabeth Stadium;"Nelson Mandela Bay/Port Elizabeth ";South Africa;Slovenia;0;1;England;" "
2010;2010-06-23 00:00:00.000;" 16:00 ";Group C;Loftus Versfeld Stadium;"Tshwane/Pretoria ";South Africa;USA;1;0;Algeria;" "
2010;2010-06-23 00:00:00.000;" 20:30 ";Group D;Soccer City Stadium;"Johannesburg ";South Africa;Ghana;0;1;Germany;" "
2010;2010-06-23 00:00:00.000;" 20:30 ";Group D;Mbombela Stadium;"Nelspruit ";South Africa;Australia;2;1;Serbia;" "
2010;2010-06-24 00:00:00.000;" 16:00 ";Group F;Ellis Park Stadium;"Johannesburg ";South Africa;Slovakia;3;2;Italy;" "
2010;2010-06-24 00:00:00.000;" 16:00 ";Group F;Peter Mokaba Stadium;"Polokwane ";South Africa;Paraguay;0;0;New Zealand;" "
2010;2010-06-24 00:00:00.000;" 20:30 ";Group E;Royal Bafokeng Sports Palace;"Phokeng ";South Africa;Denmark;1;3;Japan;" "
2010;2010-06-24 00:00:00.000;" 20:30 ";Group E;Cape Town Stadium;"Cape Town ";South Africa;Cameroon;1;2;Netherlands;" "
2010;2010-06-25 00:00:00.000;" 16:00 ";Group G;Durban Stadium;"Durban ";South Africa;Portugal;0;0;Brazil;" "
2010;2010-06-25 00:00:00.000;" 16:00 ";Group G;Mbombela Stadium;"Nelspruit ";South Africa;Korea DPR;0;3;Cï¿½te d'Ivoire;" "
2010;2010-06-25 00:00:00.000;" 20:30 ";Group H;Loftus Versfeld Stadium;"Tshwane/Pretoria ";South Africa;Chile;1;2;Spain;" "
2010;2010-06-25 00:00:00.000;" 20:30 ";Group H;Free State Stadium;"Mangaung/Bloemfontein ";South Africa;Switzerland;0;0;Honduras;" "
2010;2010-06-26 00:00:00.000;" 16:00 ";Round of 16;Port Elizabeth Stadium;"Nelson Mandela Bay/Port Elizabeth ";South Africa;Uruguay;2;1;Korea Republic;" "
2010;2010-06-26 00:00:00.000;" 20:30 ";Round of 16;Royal Bafokeng Sports Palace;"Phokeng ";South Africa;USA;1;2;Ghana;"Ghana win after extra time "
2010;2010-06-27 00:00:00.000;" 16:00 ";Round of 16;Free State Stadium;"Mangaung/Bloemfontein ";South Africa;Germany;4;1;England;" "
2010;2010-06-27 00:00:00.000;" 20:30 ";Round of 16;Soccer City Stadium;"Johannesburg ";South Africa;Argentina;3;1;Mexico;" "
2010;2010-06-28 00:00:00.000;" 16:00 ";Round of 16;Durban Stadium;"Durban ";South Africa;Netherlands;2;1;Slovakia;" "
2010;2010-06-28 00:00:00.000;" 20:30 ";Round of 16;Ellis Park Stadium;"Johannesburg ";South Africa;Brazil;3;0;Chile;" "
2010;2010-06-29 00:00:00.000;" 16:00 ";Round of 16;Loftus Versfeld Stadium;"Tshwane/Pretoria ";South Africa;Paraguay;0;0;Japan;"Paraguay win on penalties (5 - 3) "
2010;2010-06-29 00:00:00.000;" 20:30 ";Round of 16;Cape Town Stadium;"Cape Town ";South Africa;Spain;1;0;Portugal;" "
2010;2010-07-02 00:00:00.000;" 16:00 ";Quarter-finals;Port Elizabeth Stadium;"Nelson Mandela Bay/Port Elizabeth ";South Africa;Netherlands;2;1;Brazil;" "
2010;2010-07-02 00:00:00.000;" 20:30 ";Quarter-finals;Soccer City Stadium;"Johannesburg ";South Africa;Uruguay;1;1;Ghana;"Uruguay win on penalties (4 - 2) "
2010;2010-07-03 00:00:00.000;" 16:00 ";Quarter-finals;Cape Town Stadium;"Cape Town ";South Africa;Argentina;0;4;Germany;" "
2010;2010-07-03 00:00:00.000;" 20:30 ";Quarter-finals;Ellis Park Stadium;"Johannesburg ";South Africa;Paraguay;0;1;Spain;" "
2010;2010-07-06 00:00:00.000;" 20:30 ";Semi-finals;Cape Town Stadium;"Cape Town ";South Africa;Uruguay;2;3;Netherlands;" "
2010;2010-07-07 00:00:00.000;" 20:30 ";Semi-finals;Durban Stadium;"Durban ";South Africa;Germany;0;1;Spain;" "
2010;2010-07-10 00:00:00.000;" 20:30 ";Match for third place;Port Elizabeth Stadium;"Nelson Mandela Bay/Port Elizabeth ";South Africa;Uruguay;2;3;Germany;" "
2010;2010-07-11 00:00:00.000;" 20:30 ";Final;Soccer City Stadium;"Johannesburg ";South Africa;Netherlands;0;1;Spain;"Spain win after extra time "
2014;2014-06-12 00:00:00.000;" 17:00 ";Group A;Arena de Sao Paulo;"Sao Paulo ";Brazil;Brazil;3;1;Croatia;" "
2014;2014-06-13 00:00:00.000;" 13:00 ";Group A;Estadio das Dunas;"Natal ";Brazil;Mexico;1;0;Cameroon;" "
2014;2014-06-13 00:00:00.000;" 16:00 ";Group B;Arena Fonte Nova;"Salvador ";Brazil;Spain;1;5;Netherlands;" "
2014;2014-06-13 00:00:00.000;" 18:00 ";Group B;Arena Pantanal;"Cuiaba ";Brazil;Chile;3;1;Australia;" "
2014;2014-06-14 00:00:00.000;" 13:00 ";Group C;Estadio Mineirao;"Belo Horizonte ";Brazil;Colombia;3;0;Greece;" "
2014;2014-06-14 00:00:00.000;" 16:00 ";Group D;Estadio Castelao;"Fortaleza ";Brazil;Uruguay;1;3;Costa Rica;" "
2014;2014-06-14 00:00:00.000;" 18:00 ";Group D;Arena Amazonia;"Manaus ";Brazil;England;1;2;Italy;" "
2014;2014-06-14 00:00:00.000;" 22:00 ";Group C;Arena Pernambuco;"Recife ";Brazil;Cï¿½te d'Ivoire;2;1;Japan;" "
2014;2014-06-15 00:00:00.000;" 13:00 ";Group E;Estadio Nacional;"Brasilia ";Brazil;Switzerland;2;1;Ecuador;" "
2014;2014-06-15 00:00:00.000;" 16:00 ";Group E;Estadio Beira-Rio;"Porto Alegre ";Brazil;France;3;0;Honduras;" "
2014;2014-06-15 00:00:00.000;" 19:00 ";Group F;Estadio do Maracana;"Rio De Janeiro ";Brazil;Argentina;2;1;Bosnia and Herzegovina;" "
2014;2014-06-16 00:00:00.000;" 13:00 ";Group G;Arena Fonte Nova;"Salvador ";Brazil;Germany;4;0;Portugal;" "
2014;2014-06-16 00:00:00.000;" 16:00 ";Group F;Arena da Baixada;"Curitiba ";Brazil;IR Iran;0;0;Nigeria;" "
2014;2014-06-16 00:00:00.000;" 19:00 ";Group G;Estadio das Dunas;"Natal ";Brazil;Ghana;1;2;USA;" "
2014;2014-06-17 00:00:00.000;" 13:00 ";Group H;Estadio Mineirao;"Belo Horizonte ";Brazil;Belgium;2;1;Algeria;" "
2014;2014-06-17 00:00:00.000;" 16:00 ";Group A;Estadio Castelao;"Fortaleza ";Brazil;Brazil;0;0;Mexico;" "
2014;2014-06-17 00:00:00.000;" 18:00 ";Group H;Arena Pantanal;"Cuiaba ";Brazil;Russia;1;1;Korea Republic;" "
2014;2014-06-18 00:00:00.000;" 13:00 ";Group B;Estadio Beira-Rio;"Porto Alegre ";Brazil;Australia;2;3;Netherlands;" "
2014;2014-06-18 00:00:00.000;" 16:00 ";Group B;Estadio do Maracana;"Rio De Janeiro ";Brazil;Spain;0;2;Chile;" "
2014;2014-06-18 00:00:00.000;" 18:00 ";Group A;Arena Amazonia;"Manaus ";Brazil;Cameroon;0;4;Croatia;" "
2014;2014-06-19 00:00:00.000;" 13:00 ";Group C;Estadio Nacional;"Brasilia ";Brazil;Colombia;2;1;Cï¿½te d'Ivoire;" "
2014;2014-06-19 00:00:00.000;" 16:00 ";Group D;Arena de Sao Paulo;"Sao Paulo ";Brazil;Uruguay;2;1;England;" "
2014;2014-06-19 00:00:00.000;" 19:00 ";Group C;Estadio das Dunas;"Natal ";Brazil;Japan;0;0;Greece;" "
2014;2014-06-20 00:00:00.000;" 13:00 ";Group D;Arena Pernambuco;"Recife ";Brazil;Italy;0;1;Costa Rica;" "
2014;2014-06-20 00:00:00.000;" 16:00 ";Group E;Arena Fonte Nova;"Salvador ";Brazil;Switzerland;2;5;France;" "
2014;2014-06-20 00:00:00.000;" 19:00 ";Group E;Arena da Baixada;"Curitiba ";Brazil;Honduras;1;2;Ecuador;" "
2014;2014-06-21 00:00:00.000;" 13:00 ";Group F;Estadio Mineirao;"Belo Horizonte ";Brazil;Argentina;1;0;IR Iran;" "
2014;2014-06-21 00:00:00.000;" 16:00 ";Group G;Estadio Castelao;"Fortaleza ";Brazil;Germany;2;2;Ghana;" "
2014;2014-06-21 00:00:00.000;" 18:00 ";Group F;Arena Pantanal;"Cuiaba ";Brazil;Nigeria;1;0;Bosnia and Herzegovina;" "
2014;2014-06-22 00:00:00.000;" 13:00 ";Group H;Estadio do Maracana;"Rio De Janeiro ";Brazil;Belgium;1;0;Russia;" "
2014;2014-06-22 00:00:00.000;" 16:00 ";Group H;Estadio Beira-Rio;"Porto Alegre ";Brazil;Korea Republic;2;4;Algeria;" "
2014;2014-06-22 00:00:00.000;" 18:00 ";Group G;Arena Amazonia;"Manaus ";Brazil;USA;2;2;Portugal;" "
2014;2014-06-23 00:00:00.000;" 13:00 ";Group B;Arena da Baixada;"Curitiba ";Brazil;Australia;0;3;Spain;" "
2014;2014-06-23 00:00:00.000;" 13:00 ";Group B;Arena de Sao Paulo;"Sao Paulo ";Brazil;Netherlands;2;0;Chile;" "
2014;2014-06-23 00:00:00.000;" 17:00 ";Group A;Estadio Nacional;"Brasilia ";Brazil;Cameroon;1;4;Brazil;" "
2014;2014-06-23 00:00:00.000;" 17:00 ";Group A;Arena Pernambuco;"Recife ";Brazil;Croatia;1;3;Mexico;" "
2014;2014-06-24 00:00:00.000;" 13:00 ";Group D;Estadio das Dunas;"Natal ";Brazil;Italy;0;1;Uruguay;" "
2014;2014-06-24 00:00:00.000;" 13:00 ";Group D;Estadio Mineirao;"Belo Horizonte ";Brazil;Costa Rica;0;0;England;" "
2014;2014-06-24 00:00:00.000;" 16:00 ";Group C;Arena Pantanal;"Cuiaba ";Brazil;Japan;1;4;Colombia;" "
2014;2014-06-24 00:00:00.000;" 17:00 ";Group C;Estadio Castelao;"Fortaleza ";Brazil;Greece;2;1;Cï¿½te d'Ivoire;" "
2014;2014-06-25 00:00:00.000;" 13:00 ";Group F;Estadio Beira-Rio;"Porto Alegre ";Brazil;Nigeria;2;3;Argentina;" "
2014;2014-06-25 00:00:00.000;" 13:00 ";Group F;Arena Fonte Nova;"Salvador ";Brazil;Bosnia and Herzegovina;3;1;IR Iran;" "
2014;2014-06-25 00:00:00.000;" 16:00 ";Group E;Arena Amazonia;"Manaus ";Brazil;Honduras;0;3;Switzerland;" "
2014;2014-06-25 00:00:00.000;" 17:00 ";Group E;Estadio do Maracana;"Rio De Janeiro ";Brazil;Ecuador;0;0;France;" "
2014;2014-06-26 00:00:00.000;" 13:00 ";Group G;Arena Pernambuco;"Recife ";Brazil;USA;0;1;Germany;" "
2014;2014-06-26 00:00:00.000;" 13:00 ";Group G;Estadio Nacional;"Brasilia ";Brazil;Portugal;2;1;Ghana;" "
2014;2014-06-26 00:00:00.000;" 17:00 ";Group H;Arena de Sao Paulo;"Sao Paulo ";Brazil;Korea Republic;0;1;Belgium;" "
2014;2014-06-26 00:00:00.000;" 17:00 ";Group H;Arena da Baixada;"Curitiba ";Brazil;Algeria;1;1;Russia;" "
2014;2014-06-28 00:00:00.000;" 13:00 ";Round of 16;Estadio Mineirao;"Belo Horizonte ";Brazil;Brazil;1;1;Chile;"Brazil win on penalties (3 - 2) "
2014;2014-06-30 00:00:00.000;" 13:00 ";Round of 16;Estadio Nacional;"Brasilia ";Brazil;France;2;0;Nigeria;" "
2014;2014-07-04 00:00:00.000;" 13:00 ";Quarter-finals;Estadio do Maracana;"Rio De Janeiro ";Brazil;France;0;1;Germany;" "
2014;2014-07-13 00:00:00.000;" 16:00 ";Final;Estadio do Maracana;"Rio De Janeiro ";Brazil;Germany;1;0;Argentina;"Germany win after extra time "
2014;2014-07-09 00:00:00.000;" 17:00 ";Semi-finals;Arena de Sao Paulo;"Sao Paulo ";Brazil;Netherlands;0;0;Argentina;"Argentina win on penalties (2 - 4) "
2014;2014-07-05 00:00:00.000;" 17:00 ";Quarter-finals;Arena Fonte Nova;"Salvador ";Brazil;Netherlands;0;0;Costa Rica;"Netherlands win on penalties (4 - 3) "
2014;2014-06-29 00:00:00.000;" 13:00 ";Round of 16;Estadio Castelao;"Fortaleza ";Brazil;Netherlands;2;1;Mexico;" "
2014;2014-07-01 00:00:00.000;" 13:00 ";Round of 16;Arena de Sao Paulo;"Sao Paulo ";Brazil;Argentina;1;0;Switzerland;"Argentina win after extra time "
2014;2014-06-28 00:00:00.000;" 17:00 ";Round of 16;Estadio do Maracana;"Rio De Janeiro ";Brazil;Colombia;2;0;Uruguay;" "
2014;2014-06-29 00:00:00.000;" 17:00 ";Round of 16;Arena Pernambuco;"Recife ";Brazil;Costa Rica;1;1;Greece;"Costa Rica win on penalties (5 - 3) "
2014;2014-06-30 00:00:00.000;" 17:00 ";Round of 16;Estadio Beira-Rio;"Porto Alegre ";Brazil;Germany;2;1;Algeria;"Germany win after extra time "
2014;2014-07-01 00:00:00.000;" 17:00 ";Round of 16;Arena Fonte Nova;"Salvador ";Brazil;Belgium;2;1;USA;"Belgium win after extra time "
2014;2014-07-04 00:00:00.000;" 17:00 ";Quarter-finals;Estadio Castelao;"Fortaleza ";Brazil;Brazil;2;1;Colombia;" "
2014;2014-07-05 00:00:00.000;" 13:00 ";Quarter-finals;Estadio Nacional;"Brasilia ";Brazil;Argentina;1;0;Belgium;" "
2014;2014-07-08 00:00:00.000;" 17:00 ";Semi-finals;Estadio Mineirao;"Belo Horizonte ";Brazil;Brazil;1;7;Germany;" "
2014;2014-07-12 00:00:00.000;" 17:00 ";Play-off for third place;Estadio Nacional;"Brasilia ";Brazil;Brazil;0;3;Netherlands;" "
